ID,AverageMass,meanB,meanG,meanR,meangray
1,4.8566,33.46452997853327,48.61394838001098,158.10788278168837,0.0
2,4.8568,29.128492739108662,42.5349023535303,151.31417125688532,0.0
3,4.8654,31.309586409141467,45.55435332187279,155.6205885327131,0.0
4,4.8691,33.61835187057634,48.4247724974722,159.1993933265925,0.0
5,4.8689,30.966369930761623,46.17908011869436,154.48333333333332,0.0
6,4.8591,32.62881100663491,43.245410510033786,150.16330850327674,0.0
7,4.8404,31.54713357577739,42.962080660319536,151.7309688227843,0.0
8,4.8484,33.822197705207415,49.24682259488085,163.93715798764342,0.0
9,4.8533,32.396907004483204,48.30551556780323,168.13363221321927,0.0
10,4.8607,32.24931696951299,43.54815907021119,151.50023851858276,0.0
11,5.3319,36.87930717633006,49.95750252687678,144.16043370394192,0.0
12,5.3296,36.711375450756336,50.191869994848496,145.42420268814686,0.0
13,5.3455,35.57599814298978,47.83672237697307,140.96462395543173,0.0
14,5.3238,36.13185011709602,48.72093676814988,143.22295081967212,0.0
15,5.3381,34.33388358291082,47.27819046496089,157.96431238454585,0.0
16,5.3361,33.882977150040674,45.9359609554093,157.9842860312061,0.0
17,5.3594,36.582049618939514,45.99351386411546,146.68400356737473,0.0
18,5.3643,32.497837030045616,42.10051911278905,143.18393109957526,0.0
19,7.0003,34.28196962273395,49.27012902172138,157.56957373836354,0.0
20,6.9895,34.776511437908496,50.163480392156856,160.42691993464052,0.0
21,6.9924,33.504791683586454,48.536018841874444,157.23174693413466,0.0
22,6.9847,35.27105722048745,51.180745366803194,160.4029360476905,0.0
23,6.983,34.25606633337398,49.62801284396212,157.88025850506037,0.0
24,6.9821,33.70492515992795,46.42193031488727,163.50531022917832,0.0
25,6.9839,32.989751344086024,45.592540322580646,158.92086693548387,0.0
26,6.9841,31.521401869158876,42.5991277258567,156.97844236760125,0.0
27,6.9815,34.07503221330161,46.389632272772324,158.83724848845276,0.0
28,5.8793,29.280543817747567,38.88618408965644,138.72772368179315,0.0
29,5.8731,30.73207793418477,40.61797333830521,140.2796681271558,0.0
30,5.8879,29.09072607703664,38.24104147094349,138.37453585648458,0.0
31,5.8797,32.036033532490386,41.060905006715764,140.971145384651,0.0
32,5.8775,29.95016656779081,39.41322502624013,136.67001323415323,0.0
33,5.5909,35.42148681512565,48.21071956511373,149.60469219398215,0.0
34,5.5964,34.9603490434866,48.36544085918397,150.23095363666874,0.0
35,5.5926,38.563332361232625,52.46466413920482,158.38845144356955,0.0
36,5.5867,35.99802571387297,49.259113015842445,151.15625752395627,0.0
37,5.5852,35.299473109602694,48.04946124270186,147.96064935681397,0.0
38,5.5874,33.71032821439326,46.480954531767544,160.24661246612467,0.0
39,5.587,32.60883941364488,42.406370549983464,152.09394173187846,0.0
40,5.5944,33.00669591318402,44.07226968367582,156.90768105903177,0.0
41,5.5903,33.86299352938897,48.62160486651943,165.94052462319345,0.0
42,5.5967,34.380010824463284,47.88605448313188,164.13498105718924,0.0
43,5.4506,33.55115754790601,44.043700684990895,150.30395387149917,0.0
44,5.4509,35.05563011385774,45.992943417463955,152.55972120005194,0.0
45,5.4409,33.96322233559039,43.33883684259345,143.59553844726835,0.0
46,5.4456,30.197914355447086,39.18446860439317,136.6813401375638,0.0
47,5.4494,33.43615095390614,44.0326324095994,145.59731699391912,0.0
48,5.4475,30.774073347715238,40.0442831927829,148.13041772896648,0.0
49,5.4349,33.81554077703885,44.30894878077237,152.94574728736436,0.0
50,5.4505,30.989384288747345,39.652145890203215,136.32343797391567,0.0
51,5.4493,31.37886359429946,39.29913011290024,140.13263002035904,0.0
52,4.9155,34.384905076351636,50.83543128353281,171.57738340899712,0.0
53,4.9142,37.06742575296463,53.915993283660406,174.98982054780146,0.0
54,4.9142,37.981735647530044,55.06120160213619,178.52240320427236,0.0
55,4.9138,34.15066042203863,50.12240172604326,170.6772088617587,0.0
56,4.9138,33.87933659821392,47.2828511461377,171.7294950409482,0.0
57,4.9129,36.439229550164576,50.60039010118249,177.81900930553863,0.0
58,4.9141,34.17532603681805,48.82941250471758,176.11846353839059,0.0
59,4.9128,33.7856963508537,47.386466354201545,174.47643957147642,0.0
60,4.9944,38.90971722365039,53.90349614395887,157.33398457583547,0.0
61,4.9945,35.165374146166094,48.72702994196497,148.37727903035284,0.0
62,4.9941,34.3854737269223,47.575319537431525,147.3334347737878,0.0
63,4.9948,36.187710868009404,49.9383498619773,153.16838769042022,0.0
64,4.995,31.03729663140903,39.910326664117925,143.28851790493184,0.0
65,4.9944,31.83797902460422,46.359771902540174,167.28229054512104,0.0
66,4.9932,30.218626708643846,45.87614075638624,164.23381022595942,0.0
67,4.9941,30.54519059272471,41.591604794889875,147.79343813513626,0.0
68,5.44,32.08146750732264,47.09020503400685,158.18368664052028,0.0
69,5.4393,32.217027970309196,47.875141326254735,160.82470628717496,0.0
70,5.4393,30.718707350360692,45.594219146032366,155.8202378631312,0.0
71,5.4394,31.341016316099864,46.663111853744844,159.19775899351288,0.0
72,5.4397,33.94038623005877,49.745196819281865,164.74001086580728,0.0
73,5.4401,29.35672180343682,40.67650316173056,157.00521596227358,0.0
74,5.4396,29.748943526699964,40.50026892047638,152.49008835958512,0.0
75,5.4391,30.81678100642937,43.965015624438784,167.8781652957868,0.0
76,5.4397,30.886432644597498,44.76434866326002,168.3820632452048,0.0
77,3.9197,36.722878228782285,51.232595325953255,169.12564575645754,0.0
78,3.919,37.72668440788678,52.54457481553163,171.98687552921254,0.0
79,3.9184,36.076468153054584,50.789579513868354,168.4335560943876,0.0
80,3.9171,34.44937727191466,48.08551337822537,162.72468863595734,0.0
81,3.9169,35.78193712520443,49.88569870979465,167.00314979708037,0.0
82,3.9181,36.97080068560235,51.828232125367286,169.56360186092067,0.0
83,3.918,36.56577266922094,51.011615885179104,169.36562671045428,0.0
84,3.9173,35.51190691505396,49.89666606378489,168.19581600048232,0.0
85,3.9176,33.051894188457844,45.64210206868646,168.7844823225937,0.0
86,3.9172,35.5254762509525,48.51313182626365,171.99710439420878,0.0
87,3.9168,34.058099933919586,47.02851624053271,171.0675036852539,0.0
88,3.9163,32.51211582423165,44.80411480822961,166.45836931673864,0.0
89,3.9152,33.26830377444293,45.99423980597241,168.0571471881158,0.0
90,3.9162,30.758132956152757,42.68251161850879,161.94306930693068,0.0
91,3.9164,31.0020964360587,42.95357161118781,164.64130490361507,0.0
92,3.915,35.982580582899054,48.23451071221771,169.40325226790193,0.0
93,3.9142,37.421347747019595,50.58016771064862,171.21443726005253,0.0
94,3.9149,37.17323116219668,49.84250319284802,168.86998722860793,0.0
95,3.9147,37.78565902717339,50.49850111207814,174.18257421912776,0.0
96,5.0155,36.39312148425935,50.151929339780914,169.7793841902694,0.0
97,5.0157,34.02645189892124,47.02118122259987,163.77799123195902,0.0
98,5.015,34.051924755163384,46.95539610200717,164.41156792397945,0.0
99,5.0159,33.34047000050976,46.03634602640567,163.5947392567671,0.0
100,5.0149,34.103446486037576,47.85331672376206,166.03612581750232,0.0
101,5.0151,36.54504573560223,50.598344320098114,170.377995809699,0.0
102,5.0153,35.70793263115046,49.86638172289218,170.25482114689868,0.0
103,5.0142,36.5911254474647,49.27229455961607,171.39109397742024,0.0
104,5.0151,37.356821295752596,50.264122137404584,172.95153650420826,0.0
105,5.0151,37.54338810641627,50.26154147104851,172.63302034428793,0.0
106,5.0143,35.88194609121808,48.322543672436964,169.84198877559086,0.0
107,5.0146,35.7235352532274,48.080357497517376,169.8001588877855,0.0
108,5.0129,35.41887653264899,47.98040653387103,169.2149578394232,0.0
109,5.0138,36.96197547069199,50.00324049386767,173.02727757496206,0.0
110,5.0136,35.163107585926376,47.48867195444377,168.0992475086435,0.0
111,5.0136,35.11626851508025,47.0404753063498,166.60510789289103,0.0
112,5.0123,35.873536389377826,48.16824825897299,172.14976658758707,0.0
113,5.0111,36.98456294322768,49.72542412725777,173.9129804490068,0.0
114,5.0121,37.64561907039783,50.45977836243323,176.1946902654867,0.0
115,5.0094,36.273257920373574,48.667042389597846,172.4118191699207,0.0
116,5.0101,37.791033954968384,50.61070608611592,176.71861280058002,0.0
117,5.0102,34.733234358430536,46.47185577942736,165.4627359490986,0.0
118,5.0104,35.02331413345872,47.47670545825007,170.0584616590259,0.0
119,5.0039,36.921759704844405,49.95544594161052,175.1510266281681,0.0
120,5.0023,39.14756703887848,52.37423587904475,177.9652783437933,0.0
121,5.0022,33.21705237515225,45.18392204628501,164.93341453511977,0.0
122,5.0012,38.53657335194155,51.369715130120674,177.50759379361298,0.0
123,5.0005,35.99197186012828,48.52141527001862,172.20078626112146,0.0
124,5.0003,37.79288052712279,50.47436906883262,174.35510339397456,0.0
125,4.9989,38.407700625627555,50.63798563373754,179.07658144743957,0.0
126,5.5468,40.769551326573136,56.508450247719594,174.04764550632032,0.0
127,5.5465,40.29513343799058,55.88909409917814,173.17748637916705,0.0
128,5.5472,41.13997572135587,56.52708002614623,174.57475021010364,0.0
129,5.547,41.22605274251721,56.39842615579184,173.26760035598855,0.0
130,5.5462,42.00921144452199,57.664852291230524,174.47420330309376,0.0
131,5.5456,40.32571138211382,55.75942350332594,172.02582224685884,0.0
132,5.5451,41.10560691780507,56.75419713904604,173.91499931005936,0.0
133,5.5457,36.07652742569528,49.564862779675956,173.02336603108122,0.0
134,5.5451,38.44072052401747,52.41240902474527,176.83202328966522,0.0
135,5.5438,37.07416982231284,50.59616224876201,173.34426886105445,0.0
136,5.5442,37.52909650552236,51.115697990222706,174.553865652725,0.0
137,5.5417,35.514677961150866,48.53337227983058,170.9368701621148,0.0
138,5.5442,36.47207785027093,49.70157396144347,173.66010542224188,0.0
139,5.5442,37.97205425723158,51.34736067984965,172.5824072560876,0.0
140,5.5442,36.180250670144176,49.218358327899736,172.00930957038327,0.0
141,5.5445,35.804995408631775,49.05098255280074,172.2566023875115,0.0
142,5.5435,35.97120807361235,48.97688483229445,172.08778569308402,0.0
143,5.516,35.8104928222584,48.74774308124907,172.05327808198905,0.0
144,5.542,36.79318190158159,49.973872518439684,173.99009210671167,0.0
145,4.6638,36.885894119009926,49.46974553037031,174.16005714947678,0.0
146,4.6643,33.92100303834468,45.882427598938506,166.06065151340334,0.0
147,4.6634,38.681661609119985,52.76047732305421,179.36340523251044,0.0
148,4.6628,41.925353179731715,58.32381122153393,183.0424706983377,0.0
149,4.6634,45.818232955823895,62.35742143553588,182.01383784594614,0.0
150,4.6623,44.08524454787733,60.07912615892796,178.84760331819376,0.0
151,4.6623,36.726860292558825,47.66771252914988,164.32465550137798,0.0
152,5.4823,42.13570169743066,56.90784713848437,170.65884426305539,0.0
153,5.4827,41.54537225616655,56.06711925775062,168.07721203892282,0.0
154,5.4814,39.48891581403698,53.36707951893736,165.849084544965,0.0
155,5.4811,38.46745321399512,52.02463610885092,163.72100171774704,0.0
156,5.4818,38.65394205921023,52.259554789862634,162.7258013329102,0.0
157,5.4823,39.20373171961674,51.11365840412739,166.5630939912332,0.0
158,5.4812,40.707311482924595,53.41580716632287,169.7690427076171,0.0
159,5.4772,41.58315621679065,54.27303780173068,173.43050705935934,0.0
160,5.4766,40.695017988424844,52.950023463162836,172.37415923666512,0.0
161,5.4763,39.63001745200698,51.91174837379026,170.0330794859591,0.0
162,5.4772,38.36672135739726,50.36664132218176,167.85797751010446,0.0
163,5.4964,42.962753418198965,62.05294672324376,177.96039603960398,0.0
164,5.4984,42.62419262917933,61.49116641337386,177.58315919452886,0.0
165,5.4969,41.661925601750546,60.60436685377224,175.34078584340216,0.0
166,5.4988,43.45334802184117,62.61298974997605,179.48189481751126,0.0
167,5.498,38.24275872019623,51.00115427623273,169.35739277855933,0.0
168,5.4983,37.984406804303575,50.54877871474265,168.86289619075313,0.0
169,5.4948,41.675011764705886,61.0272,174.2401411764706,0.0
170,5.495,42.29962085308057,61.5142654028436,176.82,0.0
171,5.4946,43.678352863039045,62.97556810095355,178.6248873286209,0.0
172,5.4933,43.64338270425227,62.93635929288103,178.5882465360726,0.0
173,5.4892,43.41460983482058,62.52781469527245,178.93293146003415,0.0
174,5.4924,43.30299529664164,59.7432543939269,182.97260500041259,0.0
175,5.4931,41.6961990160292,57.13890652277416,175.3782336137121,0.0
176,5.4903,40.938927959771156,54.454359946070035,177.552891447728,0.0
177,5.4883,40.54258953168044,53.999081726354454,177.04382001836547,0.0
178,5.4899,39.597716293368464,52.77444737227346,174.3905357927097,0.0
179,5.4885,36.03776978417266,48.62813830568198,166.7683526648069,0.0
180,5.4883,36.24034759652403,49.24071425952407,168.570160965057,0.0
181,5.4875,37.113192990190676,50.229104669532305,169.0058047687277,0.0
182,5.4872,37.53403972531935,50.83327180093037,169.57793694159344,0.0
183,5.4881,40.5419620304734,55.987737309541274,179.16625926831256,0.0
184,5.487,42.43023089570377,63.505790263778685,195.0805632997355,0.0
185,5.6244,43.200194966324,69.06978908188586,194.9528092874867,0.0
186,5.6269,44.119034971226206,70.06989818503763,196.7825586542718,0.0
187,5.6265,42.55617901262501,67.50993257613467,193.68645640074212,0.0
188,5.6259,39.34645034690588,59.189747003994675,189.45059219286566,0.0
189,5.6236,39.91587783532774,59.04236470798357,189.86801214502592,0.0
190,5.6244,39.707198859586605,58.64600855310051,188.1854953670706,0.0
191,5.6233,38.843564074245606,58.30617407103922,186.80319925896896,0.0
192,5.6232,38.568449197860964,58.78021390374332,188.88442067736185,0.0
193,5.6203,39.07103278161084,58.622814857183705,189.61877524756014,0.0
194,5.6215,57.94384931895573,80.36134364358684,222.81579880817253,0.0
195,5.6211,37.09107766921047,55.163647386063765,183.13647386063764,0.0
196,5.6186,37.449754418671354,54.21227548130356,181.40866884164487,0.0
197,5.6191,37.58899486426999,54.92853998532649,184.89372707263388,0.0
198,5.6198,38.84594723867692,55.79726995106517,185.4035836491409,0.0
199,5.3548,43.74558375634518,58.9807614213198,164.79710659898475,0.0
200,5.353,41.08222256268832,55.45952709258975,160.3115775496655,0.0
201,5.3539,43.22197658644425,58.15434859066472,164.22147414962566,0.0
202,5.3545,44.473931282461045,59.52871554135038,167.04025169796245,0.0
203,5.3547,40.44758777469058,54.936044455670626,160.6113159888861,0.0
204,5.3531,40.91900751424681,55.55902970396893,160.19385748146655,0.0
205,5.3551,42.65905334335086,58.435612321562736,163.05259203606312,0.0
206,5.3537,36.35431719007082,47.360040060090135,161.67655054009586,0.0
207,5.355,40.83469262137417,54.17546356851581,169.7488266523044,0.0
208,5.3547,40.84602750190985,54.131321619556914,172.433307868602,0.0
209,5.3528,40.80514342235411,53.91664764513429,172.71254660275432,0.0
210,5.3535,40.074761997279964,52.47787060423548,169.72570429376336,0.0
211,5.3535,38.62706766917293,51.345429362880886,167.0576573011476,0.0
212,5.3536,41.59462996747839,54.79479654160387,172.04069167922583,0.0
213,5.3527,40.87192785540117,54.46553392421721,172.1860510121144,0.0
214,5.3494,39.30974292668086,52.57837693945847,169.53019470641922,0.0
215,5.3489,40.45750144815601,53.93492952307395,173.6245993435026,0.0
216,5.3487,37.16248926368392,49.114468649957054,163.55692199578357,0.0
217,5.3475,42.56005351681957,57.13868501529052,177.23233944954129,0.0
218,4.8107,39.461544934365534,57.1674520363514,185.76232749915854,0.0
219,4.8118,43.042596451990036,59.95186295938596,174.22304681543233,0.0
220,4.8113,44.39496096522356,60.966136064077865,175.7436378383859,0.0
221,4.8112,44.41883919116535,61.24083505622511,175.43104230749836,0.0
222,4.8108,42.03826104559948,58.7783288627967,172.9145199655853,0.0
223,4.8101,40.966501178476506,57.34933052504889,170.2581114287147,0.0
224,4.8088,43.129307403616515,63.62632207437735,188.6626577959741,0.0
225,4.8103,43.75031275613649,65.44243130149691,192.70540528881412,0.0
226,4.8098,44.00153465768608,65.15551197885583,192.14233950038366,0.0
227,4.8105,42.558679605208596,62.022186281827985,188.75292361283903,0.0
228,4.8095,37.964281211917466,52.82644871202252,177.8811194688406,0.0
229,4.8092,38.33000754590425,53.31856292445712,178.27861155361785,0.0
230,4.8066,39.50879689521346,55.60866752910738,182.41310909874946,0.0
231,4.8093,42.911985581255635,59.8329399648114,187.89460584474102,0.0
232,4.8088,44.12061394337334,61.73689933503408,189.46765087198358,0.0
233,4.806,42.920798399795714,59.92586287611184,188.36894071583606,0.0
234,4.808,44.77843187441344,67.2932770241447,195.9532463100418,0.0
235,4.6951,35.86754210676563,48.31450593368949,172.7486236287264,0.0
236,4.6947,36.986804360298336,49.87078927956725,176.95717564134088,0.0
237,4.6949,37.16900207140246,50.06401039762804,176.81251776938387,0.0
238,4.6935,36.24646852290357,48.989017718624964,175.1608965460929,0.0
239,4.6948,35.86690137995225,48.68936910687548,174.11739711059855,0.0
240,4.6925,36.812656770426415,49.345285579176775,176.25424565154816,0.0
241,4.6944,35.07378507317862,48.14655939193014,170.83795585024663,0.0
242,4.6945,37.76466702448289,51.99929812972215,179.15961355848233,0.0
243,4.6939,36.0353186444835,49.93790622572865,174.1813759555247,0.0
244,4.6923,39.03825249114716,53.60907518735074,180.61438688956602,0.0
245,5.8265,37.899690631515234,57.32487053601453,191.38415495325847,0.0
246,5.825,40.38807327092733,61.059162233147006,196.59610074752507,0.0
247,5.8247,38.06659211061407,57.24281550765893,191.94096516198996,0.0
248,5.8267,34.61262211934507,52.81192769853968,183.8987983796848,0.0
249,5.8279,35.33113478775579,53.17784542533401,181.99063081346188,0.0
250,5.8272,35.69446451302164,52.49169160904118,181.5118175250284,0.0
251,5.8271,39.21911072362685,57.891299040976456,189.4844986922406,0.0
252,5.8266,43.67451918652802,65.28673967056226,185.6904389435907,0.0
253,5.8266,42.8114994053609,64.29155612478273,184.58082517610467,0.0
254,5.8253,43.05212110224801,64.3202955039884,184.06549129804208,0.0
255,5.5003,37.79471103327496,51.55754816112084,175.52896672504377,0.0
256,5.5004,35.96440648422521,49.26034512811574,172.8274010807042,0.0
257,5.4969,35.99878349727155,48.96618122414932,171.26950749018107,0.0
258,5.4978,36.52572216525828,49.733550189159565,169.96895661704912,0.0
259,5.497,39.91838970938542,56.28961410195331,166.88785135778943,0.0
260,5.4966,40.32478128379042,56.5011795930404,167.6256266588027,0.0
261,5.4954,39.84639575450838,56.274531964031254,166.87450248145055,0.0
262,4.8996,38.867405647928216,54.093850620216415,165.24249142253893,0.0
263,4.8976,39.75134358537753,54.92571702229553,167.10658223806735,0.0
264,4.9005,38.17154901019156,53.19299930633371,164.5562136492183,0.0
265,4.9,39.471455656203915,54.481830629871496,164.9781967558458,0.0
266,4.9013,38.33400190013723,53.33516309511243,164.2605299271614,0.0
267,4.8997,35.63222725996068,48.468362556674556,166.59118083697788,0.0
268,4.8998,37.01771138759014,50.287384103336244,168.65492511292496,0.0
269,4.8982,37.757981993416095,50.96628723277674,170.44262880260183,0.0
270,4.8991,34.67787979631932,47.72539192494287,163.03953329858467,0.0
271,4.899,39.24636094554596,52.915014394031544,174.2167214045331,0.0
272,4.8985,36.85424133811231,49.032834837061756,160.84423021464178,0.0
273,4.9007,35.33969212943805,46.015848713067946,157.34043697757178,0.0
274,5.1209,45.23726846010195,60.042244990662695,172.9470044920002,0.0
275,5.1205,41.366822192920175,55.725631402779186,166.02642255806876,0.0
276,5.1196,40.513270309893336,54.525959253829434,165.6707446539609,0.0
277,5.1183,39.923971287028614,53.04109796784956,160.31842078657365,0.0
278,5.1191,39.402643747486934,52.81539002814636,159.23994772818656,0.0
279,5.1174,35.37179487179487,47.77463942307692,152.1482872596154,0.0
280,5.1177,36.85552566120107,49.9138027311031,157.32453424031675,0.0
281,5.1165,36.42091464099779,46.50106745570995,160.25839919098095,0.0
282,5.1164,36.89907612712491,47.23762010347376,160.4811899482631,0.0
283,5.1151,37.64182861373311,48.68299093096428,163.85119378123264,0.0
284,5.1148,37.381985143155774,47.79820075404084,162.42215088282504,0.0
285,5.1139,39.26378085897869,49.924059670086045,166.25168150903693,0.0
286,5.1129,36.53566776492222,46.090452838862916,159.48911960769288,0.0
287,5.1132,37.07841773863329,46.50701124116352,159.61158110248385,0.0
288,5.1127,40.268013856812935,53.16462663587375,172.97567359507315,0.0
289,5.1136,41.46087561343174,54.62942926697322,175.7625101433595,0.0
290,5.246,42.57529777317452,58.68612118073537,176.49083376488866,0.0
291,5.244,41.64289762481323,58.126539234375805,176.3197485702509,0.0
292,5.2433,41.72425042721765,58.36575009062192,176.65263321423024,0.0
293,5.2432,40.70759694687772,57.327595922340045,173.60693612007583,0.0
294,5.2417,40.30536429966088,56.20213749871545,173.18384544240058,0.0
295,5.2426,35.44749397219515,50.48207048684143,164.78356333042632,0.0
296,5.2428,33.228605015673985,46.28028996865204,167.62778213166146,0.0
297,5.2432,30.81229037356876,43.30375110836964,163.33551794595013,0.0
298,5.2403,39.0438086192568,52.69298349756619,177.14642447267406,0.0
299,5.241,41.388685764795696,55.356020732050304,182.50407810679417,0.0
300,5.2409,41.5212265099996,55.65562754013923,183.66894692366506,0.0
301,5.2401,40.54054260896184,54.50996823939081,180.61772471587648,0.0
302,5.2374,37.92037921997842,51.208069986126105,176.10420841683367,0.0
303,5.2401,40.94011541254252,54.52856651507624,181.34730767760922,0.0
304,5.2381,39.03088458101861,52.45149761081544,178.1485956256556,0.0
305,5.2374,37.95318249432397,51.2818836608471,176.42386283566898,0.0
306,5.2374,39.88997071162828,53.58545080345128,178.95725480883402,0.0
307,4.4745,41.69531728665208,54.33562363238512,166.90498905908098,0.0
308,4.4748,39.08720879504406,51.5097286449699,164.056190559288,0.0
309,4.4718,37.55443680777481,49.81565468633717,160.19634023552072,0.0
310,4.4731,33.093284742900316,41.81245277987645,145.39549353362074,0.0
311,4.4733,33.66261176066025,46.569506533700135,163.2487964236589,0.0
312,4.8209,37.090070886828926,50.942447826302484,168.0892281762752,0.0
313,4.8197,38.849887248872484,52.82113571135711,170.3752562525625,0.0
314,4.8203,41.967154748771435,57.05977334269381,171.70288837629124,0.0
315,4.82,38.829855783982815,52.134818962872046,172.14590365142683,0.0
316,4.8192,36.31571659358412,49.13539503038695,166.9507269789984,0.0
317,4.8189,40.483001353703344,53.77574937149487,175.59443047766388,0.0
318,4.8173,38.97242582897033,52.16129532674035,170.58107426798526,0.0
319,4.8129,38.48845052747167,51.183418957606186,172.88164241734972,0.0
320,3.0577,38.70984682713348,52.64469365426696,177.86624726477024,0.0
321,3.0572,38.98732531686708,52.58287292817679,176.52058281876285,0.0
322,3.0576,41.22778968188561,55.951266413933304,180.81990000549422,0.0
323,3.0576,38.90405495235985,53.47756481276313,179.76246399290937,0.0
324,4.4068,39.43324068354951,50.60829730286184,145.46824171299156,0.0
325,4.4079,38.17104237067845,49.231037171822194,144.03675591369898,0.0
326,4.4085,36.83277210796249,47.42066000103611,140.80236232709942,0.0
327,4.4115,39.246160232461605,50.15592569530926,146.1777189705272,0.0
328,4.4113,40.21632526381129,51.81460790399338,147.92111524932753,0.0
329,4.4101,38.54189383696079,48.29685523618441,147.9258516159986,0.0
330,4.4088,38.48399090193334,48.612544834222724,147.49300148718396,0.0
331,4.4103,40.69813463806736,50.662181643440654,150.40989908697742,0.0
332,4.4103,40.25954779494067,49.98218043429595,150.78441907320348,0.0
333,4.4059,39.21873027324376,49.51154297051132,148.77563351068628,0.0
334,4.4089,39.67267000842834,50.098922060062996,149.06103890342902,0.0
335,4.4065,42.17361111111111,52.280244883040936,151.19270833333331,0.0
336,4.4064,41.85082337746206,51.60676230453434,150.41565570367638,0.0
337,5.7903,42.70063722850476,58.92716747442111,169.2937084903967,0.0
338,5.7906,47.33417607223476,65.41318284424379,180.80121896162527,0.0
339,5.7876,43.943056943056945,60.68209063663609,173.87848515121243,0.0
340,5.7895,43.915301656062454,60.894048102522454,172.7908036640946,0.0
341,5.7909,44.745243412237606,62.172621706118804,174.85529254131308,0.0
342,5.7901,44.228487870721004,59.38761201304788,176.94120955344755,0.0
343,5.7909,41.72489795918367,56.752504638218916,172.68059369202226,0.0
344,5.7896,41.80750570776255,54.88759275114155,174.62421518264838,0.0
345,5.7893,40.0406015037594,52.680128893662726,169.90401002506266,0.0
346,5.7895,37.04932735426009,49.84087950238681,164.00065094749024,0.0
347,5.7903,40.06075474420954,53.35965798398153,169.45916011256224,0.0
348,5.7898,40.35851803326418,53.62688794264294,172.08144993994978,0.0
349,5.7892,44.11209166607359,60.71069674756245,186.97583801864636,0.0
350,5.79,40.982423580786026,55.54807132459971,181.19297671033482,0.0
351,5.7883,42.01832669322709,57.80134009416878,184.50822165881925,0.0
352,5.7885,42.67119079934282,58.703014501035796,183.4837488392028,0.0
353,3.3274,39.93380484031385,53.556249309315945,177.81837772129515,0.0
354,3.3287,38.57307015614691,52.555201231581265,174.01885858808004,0.0
355,3.3286,37.967845659163984,51.68034150127509,172.80252799645194,0.0
356,3.3282,45.468675904947574,68.82765161494282,197.93340007376574,0.0
357,3.3255,44.50626260481902,67.72959346141599,196.90966988642393,0.0
358,3.7998,42.94477869780187,59.213200691010904,174.04783463394293,0.0
359,3.8015,42.10698703006395,58.392564700257005,172.23327954097184,0.0
360,3.8014,41.46812375128655,57.90421989465399,172.48065629351575,0.0
361,3.8013,44.791286183228884,61.982214264398685,177.4883318412414,0.0
362,3.8006,40.08675961734175,54.23824547119886,173.8510075310401,0.0
363,3.8,39.649252972863096,53.49070027441813,170.14046142900702,0.0
364,3.7995,39.21020366805148,53.448829668659435,170.6119161009221,0.0
365,3.8015,41.98482681107592,56.38694186165321,177.633493409625,0.0
366,3.8008,39.55185222367232,54.38786266439112,178.02022889268144,0.0
367,3.9324,41.188829942284144,55.53699061388678,168.41059872908528,0.0
368,3.9311,42.56279772278378,57.329441152550245,170.25723248518648,0.0
369,3.9324,38.52059288769114,51.91376179038022,161.6446188997598,0.0
370,3.9315,37.82610177745313,50.07148770392014,166.0261991721451,0.0
371,3.9319,38.66592449656128,50.93493642076098,169.5708772450646,0.0
372,3.9312,35.24513772336854,47.03317208016586,160.1044031987363,0.0
373,3.9311,39.85894409580287,53.31147446600265,164.02331740457137,0.0
374,3.9287,35.54623710042789,46.133853511200606,157.9571608356406,0.0
375,3.9304,36.217702257164596,46.72538676134923,158.2805985290388,0.0
376,3.9285,35.71499949016009,46.7540022432956,158.6401040073417,0.0
377,3.9288,37.859930418998644,49.196692381384565,162.57918620481018,0.0
378,3.9293,35.57043256997455,46.3787786259542,157.1269720101781,0.0
379,3.9294,32.94035707278792,44.11511673533451,155.4529134785168,0.0
380,3.9269,35.61335249801745,47.61652458366376,161.86206383822363,0.0
381,3.9274,36.884999751404564,49.385869835429816,164.86371998210112,0.0
382,3.7908,44.511647512978655,72.61738474508586,204.0582597506323,0.0
383,3.7917,38.9548632622356,57.660810691211616,194.95937693601206,0.0
384,3.79,39.39253475356562,58.581467773966416,196.0472558223506,0.0
385,3.7898,42.2734052532833,62.4562851782364,197.92073170731706,0.0
386,3.789,36.42342870015769,54.09164226177067,189.5505744537058,0.0
387,3.7901,39.32807068366164,58.96316145229818,194.04253572808034,0.0
388,3.7899,43.14520718477681,70.5293437666726,199.98212697848123,0.0
389,3.7894,34.17500603136309,53.90759951749095,187.55420989143545,0.0
390,4.9262,33.89224222074728,47.304962323819936,175.59926599773553,0.0
391,4.9259,34.7130945027795,48.51795089561458,177.9107473749228,0.0
392,4.9236,34.03383061200517,47.09189866478719,176.18974901131602,0.0
393,4.926,35.42394822006472,49.04827075291457,179.50902639684952,0.0
394,4.9254,34.649438114256625,48.45271937037472,175.06495947374603,0.0
395,4.9243,39.429296875,54.2032421875,184.46046875,0.0
396,4.9254,38.06246027374041,51.90270774185347,181.69066485868046,0.0
397,4.9251,42.659911523067194,60.5774173161997,191.20092690120075,0.0
398,4.2615,48.290970344430164,68.99481359989362,200.20608182986834,0.0
399,4.2606,47.71699938439891,68.33989974496527,197.44670653416586,0.0
400,4.2604,47.27371441182962,66.5493709997793,195.60781284484662,0.0
401,4.2589,49.40566998892581,75.22232558139535,207.7726688815061,0.0
402,4.2602,44.90035539160556,64.04606594988529,192.00287912186784,0.0
403,4.26,43.3747208807187,63.5422443786675,189.07664745287428,0.0
404,4.2597,42.764380629626324,66.23789351645411,196.15584589315972,0.0
405,3.8362,43.325883804989864,66.98377854183197,195.934056246143,0.0
406,3.837,46.03240373163954,75.95553791186978,205.55255061532353,0.0
407,3.8365,52.252997368164536,87.20036065893362,212.8037820450336,0.0
408,3.8359,45.79501664480984,70.19096136386563,195.54746292746896,0.0
409,6.3606,35.77327083487119,48.98150882114121,168.2507935336237,0.0
410,6.3617,35.29584524810765,44.59949537426409,151.17890664423888,0.0
411,6.3614,38.26024844720497,51.61262939958593,170.22870945479642,0.0
412,6.3612,35.61348439178187,45.35065654990819,154.2064580951391,0.0
413,6.3611,39.28921454858924,51.57750074599649,166.64944796260073,0.0
414,6.3606,37.2299604854643,49.71214366356195,169.07169065763478,0.0
415,3.8931,41.38014777478664,58.48857322870726,182.6606334841629,0.0
416,3.8898,43.3409077801488,61.131668492992674,187.17578868446853,0.0
417,3.8924,39.76356058010734,56.243519470138175,179.15753111796278,0.0
418,3.8898,38.807432762836186,52.93872860635697,181.07168704156481,0.0
419,3.892,38.463790153963124,52.175679528606736,178.93119178863336,0.0
420,3.8908,40.91775808936826,55.17315100154084,182.84606124807397,0.0
421,3.8905,41.43087499368144,56.37845625031593,186.14608502249408,0.0
422,3.8894,41.01330702286987,55.45021250758956,183.5888484112528,0.0
423,3.8901,43.71226851851852,61.27170138888889,186.984375,0.0
424,4.5957,46.71424077181208,66.54063548657717,192.56559354026845,0.0
425,4.5941,42.622059051657274,62.194270644811,184.72408087284762,0.0
426,4.5955,45.592543905773475,64.83762751077926,187.5983278998843,0.0
427,4.5936,46.815048671402266,66.4225730071034,189.7937384898711,0.0
428,4.5955,42.3161049476839,61.103948682896046,183.62910773437088,0.0
429,4.5965,41.894323888091826,58.935303084648496,185.09267395982783,0.0
430,4.5955,43.14689764072079,59.90274939624745,186.4753390302805,0.0
431,4.5946,47.17271446186366,66.5094680288885,196.82407081204863,0.0
432,4.5949,42.65261958997722,60.646881023304715,187.72792185035922,0.0
433,4.5948,46.80472239948947,64.50401130458566,195.52707630595316,0.0
434,4.5927,51.053797884944494,71.21352406862961,202.26464522357278,0.0
435,4.5946,51.12696504119349,71.71137831217992,202.48069472277888,0.0
436,4.5947,49.00624533929903,67.73303504847128,200.13571961222968,0.0
437,5.0973,47.85956112852664,69.99387509042681,200.4166385338799,0.0
438,5.0977,52.19662480376766,75.16871075353218,207.75260007849295,0.0
439,5.0973,48.37031555831384,70.09968014512819,198.77801117105076,0.0
440,5.0957,48.65655717461102,70.84865398863917,198.03521857248705,0.0
441,5.0964,48.48219773630162,68.79877820253354,206.76463533468254,0.0
442,5.0955,45.98718195465569,66.36156126101852,205.02440432657147,0.0
443,5.0929,45.44060458463799,65.04731531949437,200.68309559704667,0.0
444,5.0937,47.752657004830915,68.51107246376812,206.792038647343,0.0
445,5.0928,45.827873296158614,64.92243649318463,199.29488073110286,0.0
446,4.7968,41.938169275123556,55.30863879736409,169.43574958813838,0.0
447,4.7963,47.34959990049339,61.076122558978405,181.99394668103986,0.0
448,4.7961,43.72757902203307,57.32052134592366,180.82054351199184,0.0
449,4.7959,46.62925342813611,60.182156763162354,177.86236668359572,0.0
450,4.7956,45.19627585625816,59.089101402873155,181.34709525213802,0.0
451,4.7955,35.90893677776291,46.26707714272967,161.06777316735824,0.0
452,3.5331,41.17662565905097,53.997803163444644,169.9476176528022,0.0
453,3.532,45.645159219311765,61.30502054442733,179.37898048279405,0.0
454,3.5312,47.80142333634288,62.40214562642732,187.90886398640396,0.0
455,3.5307,49.828297135662574,65.57758892036513,187.27421047109434,0.0
456,4.7346,42.041597500244116,55.231569182697,165.9010838785275,0.0
457,4.7324,42.908910795399635,56.2761186817435,165.69256789407558,0.0
458,4.7334,44.40717537076012,58.489599138563946,170.4497087758798,0.0
459,4.734,41.329616588419405,54.557658450704224,163.88634585289515,0.0
460,4.7335,43.87309820193638,56.85373443983403,172.25345781466115,0.0
461,4.733,38.95468001741402,51.03787548976926,160.40117544623422,0.0
462,4.733,40.11904973752113,52.393362398789925,166.49546222973575,0.0
463,4.7323,45.15785374296841,58.6582431847685,173.8120726958027,0.0
464,4.7319,39.44244395917821,51.0624805026962,164.223361112349,0.0
465,4.7304,35.596532879412294,45.84845905751657,154.92622289912202,0.0
466,4.7314,35.23027805452405,45.276424236935064,155.75192464450683,0.0
467,5.1174,31.995055208833413,44.334133461353815,149.71435429668747,0.0
468,5.1177,33.125811259074084,45.088072688813035,150.64448824575743,0.0
469,5.1179,35.11686863790596,47.79699466795928,157.59520116335435,0.0
470,5.1176,33.577384054194894,46.52470510208916,152.95414278269934,0.0
471,5.1174,36.06552647846693,50.60543993406141,173.28456624768185,0.0
472,5.1169,33.81841604566355,43.93634057396544,156.8312192801649,0.0
473,5.1165,35.85372500300565,46.646214883981884,160.68789323928985,0.0
474,3.3835,38.62878934781204,50.803374054682955,156.36998254799303,0.0
475,3.3832,37.99683155512447,50.08218558034271,154.40569026834788,0.0
476,3.3832,38.11943672889348,50.76325818745559,154.9824300755765,0.0
477,3.3835,39.06561264822134,51.32022397891963,156.56534914361,0.0
478,3.3823,36.648112189859766,47.83478964401294,161.54902912621358,0.0
479,3.3814,35.55497672356462,46.21314564398138,157.59277322101528,0.0
480,3.3798,36.1002331002331,47.775946275946275,159.74753024753025,0.0
481,3.3823,36.44185022026432,48.26723568281938,159.64322687224671,0.0
482,3.3803,40.507957707289926,52.934279354479685,166.47785197551474,0.0
483,3.3823,40.051709664782585,52.66534221277072,166.43460742067268,0.0
484,3.381,39.23400089505482,51.839169836652495,166.5498993063325,0.0
485,3.3815,40.308859052862196,52.259086568170325,169.048255715971,0.0
486,3.3811,37.458249525889315,49.080225274409514,160.92586632952128,0.0
487,3.3815,41.761669786172085,54.2444557881005,170.4333843797856,0.0
488,3.3805,39.05550972304066,51.16741308190925,163.99487330583383,0.0
489,3.5085,36.520675311964766,49.482750183508685,167.11267433325176,0.0
490,3.5084,37.12558994790071,50.050996015936256,169.53551946061907,0.0
491,3.5086,36.74052513492208,49.79285670972045,170.47316718209933,0.0
492,3.5068,37.46553884711779,49.588345864661655,170.50965956558062,0.0
493,3.5077,36.42831667116995,47.99837881653607,165.9568765198595,0.0
494,3.5067,42.5459246228477,56.21344421344421,179.28226451303374,0.0
495,3.5025,41.53837591434326,54.53455952507156,176.5415032333298,0.0
496,3.5012,40.32311244764257,53.563258511438086,175.90763612930942,0.0
497,3.5019,39.17764861294584,52.89733157199472,183.93738441215325,0.0
498,4.9371,34.98522654281338,52.154750728790944,173.51618162952715,0.0
499,4.9335,37.39017070890933,54.85034682934029,177.7307522015054,0.0
500,4.9352,35.063738538893816,51.85620625061619,172.18027210884352,0.0
501,4.9356,40.7624232741949,57.28163625662154,179.81283107710416,0.0
502,4.9353,40.99329190501667,58.44512119840323,183.57426231532162,0.0
503,4.9347,44.52982254354256,62.186411436082814,189.10692573118635,0.0
504,4.935,44.11073559477615,61.31347269161764,186.85379897358868,0.0
505,4.934,46.28658056386832,65.37824854307765,192.90191368719482,0.0
506,4.9338,46.58322729441705,65.7418482583108,191.88404644504533,0.0
507,4.7104,39.49536737772032,50.90549450549451,169.4670114199526,0.0
508,4.7099,38.7456144999735,50.892257141342945,164.04123164979598,0.0
509,4.7085,37.477914208260245,49.96544942327114,162.55371285813,0.0
510,4.7054,35.736683097471776,47.09291355276409,158.56320559707427,0.0
511,4.7059,39.58834275772075,51.69086559373641,166.41248368856026,0.0
512,4.7049,38.426971189469555,49.30519112583359,163.5861482805213,0.0
513,4.7048,37.9618394442979,49.80897740262024,163.6595445353029,0.0
514,4.7034,36.73267813267813,48.11802546348001,161.75845432209067,0.0
515,4.9606,33.2826588288492,45.214017635089306,158.488718064662,0.0
516,4.9599,36.662245921064624,49.475025066083305,165.78625467140643,0.0
517,4.9559,33.085353312766266,44.03815924783311,166.16622594388127,0.0
518,4.9582,32.20323474695319,43.38114582937849,165.1138995406052,0.0
519,4.9565,34.52125794006469,45.99450528038658,169.50364366158763,0.0
520,4.9573,39.12777732562871,52.07056238300643,178.41336371775049,0.0
521,4.9565,35.61423023264582,47.500772972361524,173.51385694355415,0.0
522,5.2013,42.020751683247916,55.37754999497538,162.163651894282,0.0
523,5.1978,40.160211178232395,53.580232499111624,160.44433727600384,0.0
524,5.1973,37.32976142337242,49.47346340477153,153.1790841083704,0.0
525,5.1964,40.35221587750771,53.50876749709435,158.88796806306536,0.0
526,5.1955,35.95973657228488,47.715947629939265,162.30479533086205,0.0
527,5.1922,36.97521768251842,48.67846026555297,163.27394507702613,0.0
528,5.1942,40.233210986972125,52.993223893841,172.05618521356834,0.0
529,5.1954,42.193164393511424,54.60919215559681,173.89476232749576,0.0
530,5.195,42.88753241571913,56.201316576900055,174.61404348693395,0.0
531,5.194,35.99450211299389,46.45652976654495,160.37307676527305,0.0
532,5.1947,36.05633334718126,46.906152631797596,159.9709193635495,0.0
533,5.1953,35.27797701524167,45.33743581383976,154.20307278506806,0.0
534,4.3326,34.30266947275144,46.42949712007089,152.82094594594594,0.0
535,4.3358,35.92657031684269,48.04152306837132,153.53991106170093,0.0
536,4.3356,34.81147952075787,47.081972694343825,148.52081359710226,0.0
537,4.3349,33.016795683790754,44.581093126905934,155.8129955430448,0.0
538,4.3333,35.406842081909744,45.24537427341704,152.4503705018414,0.0
539,4.3328,37.45779833836858,50.28370468277946,165.4027567975831,0.0
540,6.0109,37.680722103518946,50.81738106658527,162.10583002659922,0.0
541,6.0102,38.28432793220041,52.24230448337944,161.32595617617355,0.0
542,6.0117,37.24131164697161,49.79509876597044,157.11891161208737,0.0
543,6.0104,39.17281358008487,52.91293695585597,163.06846917793234,0.0
544,6.0112,37.72164562561677,48.944465239731855,167.98836220097323,0.0
545,6.0115,36.479419795221844,47.98184300341297,165.56945392491468,0.0
546,6.011,35.82326196858141,47.21104061344281,164.25803277576085,0.0
547,6.0108,34.67112566798828,44.54573349422513,160.14811239441477,0.0
548,6.0111,39.63586114631742,52.55175327418673,175.65635121813827,0.0
549,6.0108,35.91484277600776,47.07386757168583,164.20414877406844,0.0
550,6.0096,36.09525627233924,47.25196932366312,164.92448901689974,0.0
551,6.0098,39.44991757594788,51.498508517152054,162.47915848967736,0.0
552,4.5636,47.11388977381332,65.3562174790273,188.39290644578955,0.0
553,4.5625,48.005895716140195,66.66545867589788,189.24897230636088,0.0
554,4.5626,47.23098252589725,65.4852464162394,187.31233650727216,0.0
555,4.5623,44.8796046720575,62.17451508905449,183.67713122985043,0.0
556,4.5608,44.077413621870264,60.87554231352256,181.84036380743296,0.0
557,4.5595,39.08353679804674,53.54172479944192,178.45522322985698,0.0
558,4.5583,37.6639801341814,52.19669774331271,173.13339722924107,0.0
559,4.5537,35.38751880384738,49.16570178237681,171.10174590873865,0.0
560,4.5539,40.52777031263997,55.012944548956376,179.82312102481413,0.0
561,4.5535,42.60872800490239,60.154293968309545,180.60338790160202,0.0
562,4.2228,33.39881870909381,44.80950353855159,147.67674133986057,0.0
563,4.2227,30.058801987967566,40.63735286424274,142.1970703635888,0.0
564,4.2215,30.567330086809232,41.287529112852,143.3553355917849,0.0
565,4.2209,30.302013736392095,40.887305517918044,149.96369667803577,0.0
566,4.2206,33.64444049575763,47.33596908178224,161.66594109546443,0.0
567,4.2202,36.82808416389812,51.203942414174975,168.01328903654485,0.0
568,4.2199,33.55133938863018,44.69634376873069,159.17096223892295,0.0
569,4.5246,38.7807523778989,52.912151330554664,168.8198140429625,0.0
570,4.5234,37.43795808815939,51.60973469598431,166.2360379890575,0.0
571,4.5242,35.74154308422991,48.91189299214888,167.57322865173984,0.0
572,4.5241,37.14402491241729,49.64646857834869,173.37230223606247,0.0
573,4.5242,33.617912900575185,45.45962894088137,161.89439086623707,0.0
574,4.5229,35.971536513115524,48.75211436912377,168.10410853045977,0.0
575,4.5214,43.884127841735584,59.14770790906446,183.65774489838327,0.0
576,4.5221,39.77904564315352,53.667373263575676,175.8192314631066,0.0
577,3.5087,40.92276238073603,55.77847731550594,169.00629583955345,0.0
578,3.5081,40.84333029078106,55.2565523536315,170.50710653279435,0.0
579,3.5059,44.59578454332553,59.602542656406825,176.21739712278355,0.0
580,3.5017,49.4242178635111,66.10785108337386,189.2817312368293,0.0
581,3.5051,43.50062742102679,58.50957499045229,176.00409187626167,0.0
582,3.5048,46.18924803215542,60.85647295260425,182.0673254061296,0.0
583,3.5039,48.51599089332177,65.1021790980052,185.74522983521248,0.0
584,3.5046,48.496686943297846,64.28845318270693,186.01585922224635,0.0
585,3.5038,43.610563614217696,57.736352563392764,179.44319565939543,0.0
586,3.5036,39.96788409629262,53.97581666942103,175.09078389246955,0.0
587,3.5032,41.53742506737062,56.13573117747347,172.5968762030468,0.0
588,3.5023,48.76127618940628,65.29966859518059,186.50396000674044,0.0
589,3.5018,44.220129322462746,58.93854371661512,179.50480742198482,0.0
590,4.9498,37.827967416602014,54.12049069045772,173.33941039565553,0.0
591,4.9519,43.56083584448945,61.99254063132935,186.4773995949217,0.0
592,4.9504,41.30915783713874,59.31865890663085,181.71820126349303,0.0
593,4.9499,41.581478894321926,59.194491567707814,180.84243089512026,0.0
594,4.9494,40.56743179219082,54.362563306649236,175.57515111909817,0.0
595,4.9478,43.34373971701218,57.4995475485357,178.97083744652846,0.0
596,4.9486,42.361411496869664,56.49284494674364,178.77201398487682,0.0
597,4.9488,37.97880635394633,51.36891875077765,171.0729542532454,0.0
598,4.9488,36.583624194144456,49.9907608918819,169.0,0.0
599,4.9482,36.69395423456894,50.03508401587436,168.39614118044415,0.0
600,4.9478,33.99437322841308,46.43588441849642,166.52773194567837,0.0
601,3.5437,36.34116438795815,49.865010591180436,149.46010655369406,0.0
602,3.5452,39.964387096774196,54.573032258064515,155.24761290322581,0.0
603,3.543,40.022870744075334,53.32189796129566,157.3720894132257,0.0
604,3.5439,37.298199569576404,48.76499921263976,151.84405018109285,0.0
605,3.542,37.23251457119068,50.39623230641133,154.2323584512906,0.0
606,3.5434,37.603678929765884,50.51708821070234,154.09500418060202,0.0
607,3.5431,39.51057576234714,53.064871673752165,156.5553456148638,0.0
608,3.5403,38.77068253712938,50.94815291405287,154.15784676424857,0.0
609,3.5422,38.49141923181694,52.488858621628985,155.1868155815854,0.0
610,3.5417,38.68191676133429,52.7541567695962,161.47500774553342,0.0
611,5.0581,36.921671671671675,52.56361361361362,168.45885885885886,0.0
612,5.0584,41.361545583004435,58.96603810359109,177.16454709350484,0.0
613,5.0575,41.5957041737857,59.58520868928485,177.42479863314622,0.0
614,5.0572,42.902658289028516,60.785838569357175,177.22107298211697,0.0
615,5.057,43.904747876466836,61.56743752148083,179.96661265773065,0.0
616,5.0569,42.954361589869855,58.62583538515652,176.94363348575448,0.0
617,5.0553,36.9932814854025,51.14548637973859,172.70955657803657,0.0
618,5.0553,35.81238189138115,48.84762961137129,170.36870429709964,0.0
619,5.0544,35.72378223495702,48.92918542775276,169.2266475644699,0.0
620,5.0522,34.58248622167789,47.57746478873239,165.90128597672992,0.0
621,5.0524,32.014395074055585,44.40376934598103,160.47819936761525,0.0
622,5.0524,34.71353317446381,47.39194782390568,167.5793302395585,0.0
623,5.0514,39.4674563696147,54.63750948486637,175.44920327122503,0.0
624,5.0511,40.33775867155561,56.55738188561555,178.4388671134151,0.0
625,5.0511,42.00485662401284,57.705519658769376,180.06246040795642,0.0
626,5.0517,42.49662532692145,58.3809584071543,179.21268877077532,0.0
627,5.051,44.718394424150816,61.134483772095564,182.8128647604652,0.0
628,5.0498,42.56293482436297,59.39075504716377,182.11238209057151,0.0
629,3.4782,41.37491713373109,59.178448743446026,185.99409389501596,0.0
630,3.4761,42.98257437765635,61.13108682452945,187.53242258652097,0.0
631,3.4779,38.14962713495309,55.604101515516,178.89674043781574,0.0
632,3.4773,38.751762742881745,55.539210937079496,181.52559341191667,0.0
633,3.4783,39.352471735757035,56.37674573265351,179.76535136333408,0.0
634,3.4778,38.547023112152516,55.20625199701779,177.04638406646075,0.0
635,3.4775,38.74350802027274,56.21108730863681,184.72856471079993,0.0
636,3.4772,34.921924290220815,50.88017875920084,175.51603575184015,0.0
637,3.4762,37.45668190373757,53.97703683785964,180.78279107286906,0.0
638,3.4757,36.92739933067041,53.348429234589226,178.68973334772753,0.0
639,3.4764,41.785506493506496,60.89719480519481,186.5525194805195,0.0
640,3.4759,40.09315988250105,58.48741082668904,183.74559378934117,0.0
641,3.4755,34.17184741319351,50.03087047241988,172.4663206891017,0.0
642,3.4753,36.34742795583087,52.8921088068947,178.92367357931593,0.0
643,3.4746,36.95533336955931,52.819105580611854,172.78215508341032,0.0
644,3.475,37.496753598095445,54.066226598852936,174.52613353533167,0.0
645,3.4745,38.23785548301427,55.65917893106119,180.15231824720593,0.0
646,4.0505,32.5543863475274,45.30838013194482,156.02938771059374,0.0
647,4.0521,31.100360011077264,44.52722237607311,155.1997784547217,0.0
648,4.0509,31.711626118952164,44.120544785545604,153.4115547256851,0.0
649,4.0518,30.229421333953056,43.21808040901696,158.07827097373925,0.0
650,4.0516,35.65108680210257,50.05673154330634,169.77056400056824,0.0
651,4.0513,33.1745128304071,46.646922631680496,163.43141038008875,0.0
652,4.0499,33.39723079801665,47.04963046122182,164.74932173262232,0.0
653,4.0505,34.68088249309063,48.851805965882015,166.37391594396263,0.0
654,4.0506,32.71462319867706,45.99598393574297,161.61592251358374,0.0
655,2.6977,31.968274950429613,45.10545641477565,158.97708746419917,0.0
656,2.6972,31.602027788208787,44.35155839279009,159.02500938790837,0.0
657,2.6974,36.80717085394847,51.35121763156204,171.7433656749984,0.0
658,2.6972,36.09220321274651,50.20099255583127,170.4473031213269,0.0
659,2.6961,34.95030326746234,49.231005021848304,169.61546990151962,0.0
660,2.697,34.987330077867234,48.96641150851261,169.32526065725222,0.0
661,2.6968,34.75646071100616,48.5662468844287,167.92417683326775,0.0
662,2.697,31.183585728952774,43.147972279260784,161.38167351129363,0.0
663,2.6962,32.52117392160725,44.327227365241946,163.91569824699627,0.0
664,2.6931,31.823007660260718,43.36607982798011,157.1140303722618,0.0
665,6.1317,30.99241967439056,42.162847790507364,151.39107588939615,0.0
666,6.1325,29.1828875627871,39.782423904177215,146.51779504572187,0.0
667,6.1313,33.30274771024147,45.635345545378854,158.47239800166528,0.0
668,6.1306,33.63010059661194,46.513304010799985,160.5586378086487,0.0
669,6.1282,32.500043546420486,44.304955582651104,153.74063751959588,0.0
670,6.1291,30.15503481066395,41.5733995584989,149.70105281032434,0.0
671,6.1286,31.146867812204032,41.917501014747664,160.36574888377757,0.0
672,6.1284,29.826261368745026,39.55085243974133,153.11052322163434,0.0
673,6.1285,29.719219732167257,39.27712489751298,152.90615605356655,0.0
674,6.1281,32.895060649491384,45.61834516027546,164.51172789876605,0.0
675,6.1253,30.096629133914032,41.974364421783164,158.71786700658595,0.0
676,6.1248,27.909348715800327,38.964519351616126,156.57084850633237,0.0
677,5.2807,26.31604296103646,35.30116071858595,144.01690507152145,0.0
678,5.2788,27.93231598709864,37.63053001492322,149.04419197997402,0.0
679,5.2788,28.827922678505367,38.46892341842398,150.4949593044765,0.0
680,5.2771,29.66033815056201,40.2557381694531,155.22688202512515,0.0
681,5.2746,32.73851150854118,41.992260806800864,156.20117892373085,0.0
682,5.2698,34.685394629780305,45.00980471928397,162.27847843775427,0.0
683,5.2685,32.83691678272981,43.096883704735376,158.19990424791087,0.0
684,4.639,35.59735851058187,52.85906752241023,177.1492600647112,0.0
685,4.6407,34.36920103092783,51.026471219931274,171.18621134020617,0.0
686,4.6409,32.75248208123175,49.5209450491107,171.43774887178125,0.0
687,4.6359,31.257999254645156,47.634190491401796,167.95463983389234,0.0
688,4.6367,33.54703503335259,50.85871106675771,172.72330479541992,0.0
689,4.6358,33.37510521885522,49.77199074074074,168.96248947811446,0.0
690,4.6346,29.139704278797925,39.70392986435208,152.95629607013564,0.0
691,4.6337,29.174972216048012,40.16012447210491,155.71184707712825,0.0
692,4.6342,29.070342120522774,39.65698737677863,155.67839778759088,0.0
693,4.6342,30.066729113698205,40.90789062848477,156.70417949061064,0.0
694,4.6352,32.043705361901715,48.5324592260953,168.4748427672956,0.0
695,4.6344,32.71364456188918,47.452833354305604,171.01983977182164,0.0
696,4.6328,34.521264028352036,50.20162855455236,174.82849548561305,0.0
697,4.6317,34.133579114331035,49.93003815321301,176.2280619025164,0.0
698,4.6278,33.44493241802755,49.010574340169704,175.0673687801134,0.0
699,4.962,33.25836935759526,47.03196943802151,161.21323011963406,0.0
700,4.9651,35.569863152047674,50.04095339090037,168.33646417209513,0.0
701,4.9661,33.27403156384505,47.41626675901647,160.62835798743382,0.0
702,4.9634,36.69571765855247,49.654318977448504,171.32483920866238,0.0
703,4.9666,34.33634442464675,46.98470973355985,167.0630257323996,0.0
704,4.9637,36.1311482168625,48.93593073593073,171.16553287981858,0.0
705,4.9621,34.24908061650345,46.73005247717037,167.94905169207883,0.0
706,4.9628,33.833862212943636,46.19674321503132,166.4880167014614,0.0
707,3.0221,32.309158166124874,44.11052572581549,157.10043717072077,0.0
708,3.0208,32.6981736442821,44.50261309356561,160.0319190783928,0.0
709,3.0234,31.970785149117468,43.728877330824986,157.93520721518286,0.0
710,3.0211,30.73365035263945,41.43390681769609,154.2753259243428,0.0
711,4.5372,34.9706265977983,49.13747586998487,166.857045964418,0.0
712,4.5397,34.2188641295718,47.75170698142169,165.2079076906791,0.0
713,4.5397,33.32573084013695,46.54716881748749,163.2710034237556,0.0
714,4.5417,33.02619584010059,46.69549955467072,162.61790747629277,0.0
715,4.5405,35.96935970202199,49.39043100390209,165.9743260021284,0.0
716,4.5394,37.473537005163514,51.494277108433735,175.04832185886403,0.0
717,4.5401,33.61528115237765,45.992841027421036,164.56477785491148,0.0
718,4.5416,32.3359133126935,44.106147722246796,161.37532065457762,0.0
719,4.5406,35.400142177989075,48.759408184120495,171.32767583418493,0.0
720,4.5337,35.67738182444952,49.40707545137243,169.68789589348043,0.0
721,4.1058,34.53225806451613,52.45259921095382,174.51937804595033,0.0
722,4.1095,30.887693607434525,47.529878907350046,166.39036891016616,0.0
723,4.1097,33.515125183294415,50.79460164014555,171.9959267908543,0.0
724,4.1067,35.231600761734065,52.95048728576229,176.97664388932452,0.0
725,4.1061,35.49280777134317,52.44773958527928,179.86246030263402,0.0
726,4.1086,32.712078119074704,48.97222222222222,176.75497724687145,0.0
727,4.1072,33.00080414581844,46.48235346676197,169.50956040028592,0.0
728,4.1083,31.469041900186816,44.862245351837025,164.7116804554755,0.0
729,4.1066,33.41048922618241,47.42697745855356,168.32059447983016,0.0
730,5.8161,29.885609500523923,41.2296978693678,143.7621812783793,0.0
731,5.8114,31.595026487456767,43.41552471432949,147.93021321308174,0.0
732,5.8163,31.22500870776733,43.16549111807733,147.99373040752351,0.0
733,5.8165,31.695287919806834,44.87535669861711,161.71606790078292,0.0
734,5.8151,31.037735147594617,44.08543386125363,161.3637073388356,0.0
735,5.8188,33.622676373849735,46.67349125983961,166.82360767212387,0.0
736,5.8178,33.061519814889635,46.017262276416794,164.58787233261103,0.0
737,5.8181,31.669025765785687,44.67219580522688,161.9629916325703,0.0
738,5.817,30.78847739710623,38.57556788364945,141.49970012744583,0.0
739,5.3817,34.856567505720825,47.59652173913044,158.5757437070938,0.0
740,5.3816,33.8667496886675,46.2877634795443,152.4473040911397,0.0
741,5.3828,33.979545247009405,46.76230481234591,153.6260615468907,0.0
742,5.3823,33.19632150746067,45.716720010819095,153.95226074020647,0.0
743,5.3851,32.767995718490766,43.77621468710577,158.83550594441684,0.0
744,5.3829,36.48530995231503,48.78757114290109,165.44508537148133,0.0
745,5.3807,36.297509881422926,48.81288537549407,165.37869565217392,0.0
746,5.3795,37.879004406335596,50.25072446508673,165.46012464769163,0.0
747,5.3801,39.14566975734859,51.69808640757546,168.84182284474255,0.0
748,4.4286,38.53773042978746,55.10407854196042,176.77920518042717,0.0
749,4.4275,43.445723597750096,60.70982494874625,182.97024654365768,0.0
750,4.4269,41.42992924279227,57.89756046044989,176.7380399197381,0.0
751,4.4258,38.41901798428353,54.69474183851062,172.78555983334212,0.0
752,4.4263,37.1626304295074,51.28090269352099,171.39150691579715,0.0
753,4.4261,32.96249890858291,45.760674059198465,165.6475159346896,0.0
754,4.4252,35.33370317770282,49.70939108823007,170.75337298064974,0.0
755,4.4269,37.61391444136822,54.3456729481111,181.67884254711083,0.0
756,4.4268,34.40154035455498,47.11812423096204,167.94526728341611,0.0
757,3.6093,40.06737156025484,57.87698251321675,179.50881116985224,0.0
758,3.6138,37.80389201041523,54.72050157599013,173.76086062765518,0.0
759,3.6105,38.84443242512339,56.03170847136773,173.03001825434387,0.0
760,3.611,41.382469027518916,58.857033220041664,179.10240105251617,0.0
761,3.6109,38.65778503830554,55.4151081568274,174.73107255520506,0.0
762,3.6134,39.962288324420676,56.732787433155075,179.0174353832442,0.0
763,3.6125,41.04734800785775,56.50062962776406,181.74265854027098,0.0
764,3.6142,34.526468344774976,48.52860411899313,174.1301296720061,0.0
765,3.6724,35.057632111949914,48.3049162216903,159.3789971153256,0.0
766,3.6706,36.463739757857404,49.5797969915617,161.44924789042437,0.0
767,3.67,33.648610427939005,46.02895966551893,154.1280742744712,0.0
768,3.6713,32.42819979188346,43.27695109261187,155.44406867845996,0.0
769,3.6704,32.7040318775232,44.17155140774917,158.16195669270695,0.0
770,3.6719,34.33932572825423,46.94535546954573,161.27566714198412,0.0
771,3.6668,35.99281393785866,49.069379103551675,167.05676472108775,0.0
772,3.6711,35.032563891178896,48.083728359439405,163.76092333058534,0.0
773,3.6694,34.99521082769391,45.97157730348776,157.7756376887038,0.0
774,3.6706,33.31490579279814,44.23403336392593,159.73330454030125,0.0
