ID,AverageMass,AreaInSquaredPixels,Roundness,stddev,skewness,kurtosis
1,4.8566,19803.5,0.9648,26.66677926602632,5.089808761882429,25.969779461466327
2,4.8568,19730.5,0.9641,25.270613704315505,5.267122794858262,27.96644615434243
3,4.8654,19542.5,0.9617,26.037007124564433,5.27273145523396,28.217769628172057
4,4.8691,19550.0,0.9639,26.748458204499165,5.179342475133007,27.094731965460802
5,4.8689,19986.0,0.9701,26.07225899619414,5.115021236337168,26.172600509984218
6,4.8591,24299.5,0.8663,27.964042177622876,4.641593016709061,21.531924611014155
7,4.8404,24207.5,0.8921,28.019692671671052,4.628491240842234,21.156327128658834
8,4.8484,22393.0,0.8668,29.224020647451432,4.7878543878561155,22.801486638849852
9,4.8533,24043.0,0.8922,30.84597743178046,4.678088822176726,21.593894914945558
10,4.8607,22789.0,0.8725,27.36652994531369,4.821805672445822,23.337417542807373
11,5.3319,21537.0,0.9636,25.989949227432884,4.760955509993055,23.09194739410178
12,5.3296,21107.5,0.9599,25.98205357215569,4.8757886514614075,24.509186215034386
13,5.3455,21300.5,0.966,25.1089521591527,4.764839726567086,22.97040130441623
14,5.3238,21111.5,0.9651,25.394860553986348,4.768499786277564,22.947751232825386
15,5.3381,25170.5,0.8646,29.688994411134054,4.456904570181779,19.53893873082225
16,5.3361,26772.0,0.8792,30.654724160849764,4.3890217613545515,19.047108437514204
17,5.3594,24394.0,0.8819,27.62302265525372,4.487810451404612,20.091881323460534
18,5.3643,25154.0,0.8785,27.129939616381,4.480678924943205,19.849204828074257
19,7.0003,24231.0,0.9536,29.36066146374202,4.599974588577301,21.248029810995344
20,6.9895,24220.0,0.9544,29.79630201242973,4.581912993035711,20.990415374305577
21,6.9924,24378.0,0.9638,29.234143983825934,4.576664639155578,20.88734877423498
22,6.9847,24402.5,0.9552,29.998704542133495,4.519184575344975,20.30836220481121
23,6.983,24342.5,0.9548,29.47889526338292,4.571930862090914,20.948363234564724
24,6.9821,31892.0,0.8841,34.24570740558668,3.9485693518622544,14.920053424700285
25,6.9839,29461.5,0.8793,32.16579612703586,4.141291151684651,16.61155296295793
26,6.9841,31799.5,0.8586,32.728027067201964,4.00456446735152,15.376952325124314
27,6.9815,29964.5,0.872,32.4009083299001,4.049527910519302,15.780126854686287
28,5.8793,21534.5,0.9639,24.342828436876793,5.00566656730125,25.23664567246956
29,5.8731,21212.5,0.9465,24.500074405532526,4.975213630075559,24.89763014771524
30,5.8879,22101.0,0.9677,24.565650957485346,4.945245672271744,24.587645966904415
31,5.8797,21360.0,0.9605,24.73083613470448,4.928833024646022,24.40037046674448
32,5.8775,21669.0,0.9556,24.16947212747719,4.937440447960253,24.502461929907845
33,5.5909,20734.0,0.967,26.089509886731477,4.916642932633195,24.433510682465894
34,5.5964,20621.5,0.9721,26.102034192675646,4.895816659516199,24.030848184206818
35,5.5926,20351.0,0.9661,27.434045044774347,4.898071900556726,24.14426520582794
36,5.5867,20524.5,0.9651,26.30668890279511,4.952401390279068,24.882018840807092
37,5.5852,20827.0,0.9546,25.950305714396368,4.919628103058475,24.533295694332697
38,5.5874,26286.5,0.8996,30.701248877336287,4.4174192325143915,19.213065865274142
39,5.587,26929.0,0.8893,29.391984545210224,4.364848241973212,18.644921683677435
40,5.5944,25706.5,0.8798,29.709100241050628,4.472265698266437,19.611380337250022
41,5.5903,25532.0,0.8913,31.346041184123067,4.502891297350435,20.016029875547023
42,5.5967,27438.0,0.9027,32.123463055315945,4.335799855834474,18.544103320215807
43,5.4506,22818.5,0.9554,27.113164050560677,4.77568698066381,22.854001404146977
44,5.4509,22845.0,0.9108,27.567946643618125,4.7061959371743995,22.111004066250224
45,5.4409,21316.5,0.946,25.213797095849227,4.86930723696075,23.773472424156417
46,5.4456,22283.0,0.9264,24.38213182076779,4.870053559549432,23.886457727425036
47,5.4494,21304.5,0.953,25.577734948443567,4.934470405162092,24.65131508889678
48,5.4475,25220.5,0.856,27.766555640426446,4.581437097751322,20.699679348225434
49,5.4349,25439.0,0.8672,28.91244864577314,4.4840834935699405,19.877442430325488
50,5.4505,26087.5,0.8475,26.379305225224382,4.487081928412771,20.19990150557462
51,5.4493,26725.0,0.8487,27.147520625712996,4.3707763765784655,18.75983951371539
52,4.9155,19159.5,0.9774,28.32149063172666,5.295120737007166,28.431346161134517
53,4.9142,18823.0,0.978,28.92245597429869,5.308249089140443,28.702867567385837
54,4.9142,18501.0,0.9735,29.110021760585855,5.316170420275755,28.68584780530759
55,4.9138,18776.5,0.9797,27.84701016645561,5.321068098483537,28.534850867491723
56,4.9138,24047.0,0.9125,31.386386387114335,4.669754411930125,21.44244924032343
57,4.9129,24356.0,0.8878,32.79395228924637,4.595640556540198,20.764052719840958
58,4.9141,23595.5,0.8882,31.923126453138956,4.767824971502981,22.56964872198383
59,4.9128,23639.5,0.8665,31.67817787796826,4.783530074449485,22.74401152946802
60,4.9944,19223.5,0.9606,26.769668746415647,5.058513739293546,26.095505751956342
61,4.9945,19244.0,0.9678,25.283238961953785,5.220598436236233,28.192220075541247
62,4.9941,19490.5,0.9713,25.089969275407544,5.162087467380555,27.30236842238816
63,4.9948,19333.0,0.9726,25.84638474736947,5.062138113210254,25.879503336827483
64,4.995,23280.0,0.8915,25.939334466855414,4.752329796696716,22.514471899168516
65,4.9944,24804.5,0.8538,30.958927519549473,4.617586765213142,20.963234613064703
66,4.9932,24821.0,0.8662,30.506659588532887,4.692414894603779,21.893804295200756
67,4.9941,23849.5,0.8874,27.265957220560157,4.801893354385221,23.352249551100225
68,5.44,19911.5,0.9405,26.80090880059614,5.208516702180243,27.5466332047217
69,5.4393,20113.5,0.9378,27.283951413923806,5.141983188901609,26.64284146288594
70,5.4393,20282.5,0.9393,26.480476307751356,5.096877356918079,25.984298388667256
71,5.4394,20115.0,0.9501,26.867954168104625,5.118029228803536,26.204664251869588
72,5.4397,20009.5,0.9446,27.904843753330514,5.114074247751036,26.293270366198175
73,5.4401,27698.0,0.812,30.5686355867753,4.3794901314553005,18.573301641742194
74,5.4396,25749.0,0.8792,28.84787048796785,4.58419222180957,20.78297747290637
75,5.4391,27543.5,0.8153,32.55564368929057,4.407923304509876,18.89071417912231
76,5.4397,26716.0,0.8378,32.15494187111698,4.4655655955340565,19.44021818907931
77,3.9197,16050.0,0.9455,25.790636308815788,5.721663728226014,33.375372988050856
78,3.919,16320.0,0.9476,26.42706837770065,5.662363931722395,32.7153647554748
79,3.9184,16700.5,0.9497,26.158682100345526,5.6347728213090145,32.35011198855917
80,3.9171,16572.5,0.9613,25.224408501119058,5.710549690558852,33.32750355401301
81,3.9169,16297.5,0.9548,25.700937194885913,5.740692575162075,33.70988665453973
82,3.9181,16126.5,0.955,25.97083240605998,5.705006215588285,33.17474197311549
83,3.918,16238.0,0.9476,25.953479243482416,5.691608526116425,32.96771893040676
84,3.9173,16378.5,0.9553,25.748064573223385,5.701580078155773,33.10920798395569
85,3.9176,19520.0,0.8194,27.96917253723732,5.253742600268834,27.51515233478275
86,3.9172,19444.5,0.8237,28.556870873396015,5.214485211732329,27.19415944200106
87,3.9168,19432.0,0.8311,28.270222357449107,5.2661272989461185,27.80969267353746
88,3.9163,19434.0,0.8432,27.525072179116787,5.297650126748192,28.142075116952007
89,3.9152,19554.5,0.8417,27.954947780655374,5.253911744650829,27.600791125235887
90,3.9162,19543.0,0.8461,26.796537549438128,5.2658159086575065,27.553368935150143
91,3.9164,19311.5,0.839,27.031606944227338,5.320543424273723,28.17796406000388
92,3.915,20479.0,0.8656,28.89136379838836,5.0600683171867935,25.58323760572301
93,3.9142,19551.5,0.8969,28.545193092120975,5.136070592733522,26.495860626504662
94,3.9149,19333.5,0.8924,28.098385811990568,5.205286063513821,27.4108327415566
95,3.9147,20434.5,0.8675,29.608348368814244,5.03923958416509,25.422536080389794
96,5.0155,20035.5,0.9608,28.7806721389994,5.126540862937293,26.499547472684856
97,5.0157,20072.0,0.9629,27.740190285701743,5.184283340440694,27.187758245708544
98,5.015,20394.0,0.9623,28.117118459455426,5.144947336999926,26.746759560649803
99,5.0159,19388.5,0.9585,27.167526215564077,5.29029880729373,28.32865092209267
100,5.0149,19041.5,0.9607,27.263568375695357,5.2938008869031385,28.282611105580678
101,5.0151,19341.5,0.9659,28.27922023084678,5.184573499540443,27.054034254729096
102,5.0153,19428.0,0.947,28.216061762441782,5.204327511389296,27.28711222458734
103,5.0142,25148.5,0.8537,32.228894673468375,4.496012389218697,19.87904396130072
104,5.0151,25275.5,0.8654,32.64861015563347,4.468243615008073,19.60944315684737
105,5.0151,25289.0,0.8676,32.63922346483323,4.463966711596958,19.57078521411761
106,5.0143,25030.0,0.8434,31.751603150756903,4.508944374823848,19.947552321619444
107,5.0146,24896.0,0.8789,31.606618131810006,4.526195571908278,20.08472987175447
108,5.0129,24271.0,0.8447,31.172746850870567,4.6062097844949355,20.911972667814553
109,5.0138,24103.5,0.8535,31.876958967500563,4.611485861339745,21.035497342198788
110,5.0136,24325.0,0.8666,31.11184954168626,4.625819276709999,21.17500313355365
111,5.0136,23966.0,0.8572,30.627584508235326,4.653197945808592,21.44716005019334
112,5.0123,25862.5,0.8804,32.64191821654136,4.474155611645991,19.69809847720143
113,5.0111,25250.0,0.875,32.626797109748935,4.501799700108656,19.955433284206034
114,5.0121,24814.5,0.8888,32.715471570532095,4.547664135726654,20.438185741087874
115,5.0094,24579.5,0.8841,31.848115213706084,4.588166874098398,20.788888756813837
116,5.0101,24553.0,0.8883,32.63738009121189,4.568801199639266,20.625151513669284
117,5.0102,23312.0,0.8584,30.063939483104782,4.752521583201044,22.478827385405847
118,5.0104,25243.5,0.8267,31.894409487041703,4.534904038026862,20.278583004069777
119,5.0039,24673.0,0.8161,32.51135025034941,4.555475871569933,20.444590527338818
120,5.0023,24269.5,0.839,32.88982333852779,4.548767980479424,20.39803968924718
121,5.0022,24354.0,0.8249,30.289450891895978,4.630915037779384,21.08389154999722
122,5.0012,24084.0,0.8077,32.5950443301403,4.591907996616687,20.815864696478112
123,5.0005,23907.5,0.8328,31.433859246210112,4.654558129234161,21.39390372372409
124,5.0003,23850.0,0.8178,31.95900577903505,4.624295094815877,21.14746546190929
125,4.9989,25627.5,0.8646,33.709739144489454,4.462212711874243,19.55447767964902
126,5.5468,21357.0,0.9414,30.64964013287956,4.798091798879772,23.105466583664374
127,5.5465,21412.5,0.9562,30.547738111372606,4.808340868582753,23.229207239980493
128,5.5472,21183.5,0.9488,30.69670878566563,4.833587997054961,23.502411508763263
129,5.547,21110.0,0.9611,30.426477373028447,4.826130941743581,23.43571545580882
130,5.5462,21253.0,0.9521,30.730816915143365,4.770425525855463,22.829186971242354
131,5.5456,21405.0,0.9473,30.30874178024852,4.78943724873996,22.998504594349676
132,5.5451,21502.0,0.9409,30.75486770691449,4.773129876556043,22.85084127218426
133,5.5457,26937.5,0.8824,33.471576411372524,4.345506803917174,18.506136597773875
134,5.5451,27206.5,0.8948,34.48183695769284,4.27443315711819,17.861151487677063
135,5.5438,27179.5,0.9057,33.723814040822944,4.290861775555302,17.97861119741618
136,5.5442,27331.5,0.8955,34.038317155797074,4.268215094131972,17.73359349007246
137,5.5417,27099.0,0.8937,33.031634975044255,4.32251506973574,18.195491320531982
138,5.5442,26843.5,0.885,33.440871196471676,4.341816282440163,18.412026250994927
139,5.5442,24200.0,0.8178,31.89512991600259,4.553352937886044,20.449580128529394
140,5.5442,27326.5,0.8757,33.47142411609113,4.301376185244298,18.05449512217057
141,5.5445,26941.5,0.8924,33.25832658859874,4.339696592880746,18.372389432709305
142,5.5435,26685.0,0.8994,33.13421787912097,4.367140375366933,18.65117463985173
143,5.516,26754.0,0.9039,33.16286680793567,4.368992785502388,18.673097610830812
144,5.542,26967.0,0.9092,33.626433572122195,4.322016954252172,18.230927687088084
145,4.6638,25635.5,0.8907,32.82563503110482,4.451538937780342,19.394920061398892
146,4.6643,25721.0,0.8943,31.369224734541234,4.488272454389794,19.728102388397048
147,4.6634,24114.0,0.8369,32.925359540852426,4.574560036612922,20.6197113837496
148,4.6628,22185.0,0.8702,32.66536562352962,4.726140128605075,22.34544353347204
149,4.6634,26373.5,0.8734,35.67523885799552,4.186077688125704,17.316207925277244
150,4.6623,26363.0,0.8662,34.969964480735165,4.206336271447738,17.44334544046641
151,4.6623,23327.0,0.8212,29.904133568493382,4.698218061942164,22.003283657287103
152,5.4823,21317.5,0.9661,30.196353173737126,4.768759063712085,22.919708066141247
153,5.4827,21856.5,0.9684,30.107932070345797,4.681230245474618,21.91889627536518
154,5.4814,22048.0,0.9678,29.591664646803093,4.709967333749438,22.218141613968186
155,5.4811,21882.5,0.9659,29.09208691760404,4.764477775855202,22.823065258973184
156,5.4818,21816.0,0.9714,28.9957199203867,4.770906898897321,22.941047381828643
157,5.4823,25507.5,0.8864,31.886712828092467,4.390918225331886,19.035386133780033
158,5.4812,25900.0,0.8868,32.69913133512798,4.3151845083350775,18.344429095609343
159,5.4772,26083.5,0.8978,33.404062643075314,4.310911016810372,18.3363079937594
160,5.4766,25294.5,0.8728,32.61375507100148,4.387471080683321,18.994587357469047
161,5.4763,24942.0,0.8974,32.00629365753864,4.4387973892057895,19.47128878538515
162,5.4772,24725.0,0.9033,31.49309997099884,4.500754956501014,20.104223753337692
163,5.4964,20975.5,0.9461,31.346612303711964,4.78475284146454,23.10421562430736
164,5.4984,20816.0,0.9396,31.06142054915864,4.786215451295239,23.02453893608025
165,5.4969,20779.0,0.9386,30.689168028640644,4.81997492653019,23.43946425009695
166,5.4988,20643.0,0.9509,31.433779002625396,4.868957788529056,24.172792049129363
167,5.498,27441.0,0.8275,33.33592885860542,4.2193804931234755,17.327713958136666
168,5.4983,27220.5,0.8352,32.97685217032671,4.237323208035226,17.48311281352891
169,5.4948,21012.0,0.9558,30.86707277117107,4.828041955997335,23.686542963050453
170,5.495,20874.5,0.9505,31.03744479673126,4.802695880437436,23.282213678512747
171,5.4946,20845.5,0.9558,31.34227719173352,4.7574102605257975,22.759414830708835
172,5.4933,20695.5,0.9568,31.296533777353886,4.818263009317489,23.54284306169291
173,5.4892,20825.0,0.9473,31.492377453562142,4.840277467818732,23.855077423753293
174,5.4924,23972.0,0.8849,34.09845529946344,4.490622277892682,20.041279469130366
175,5.4931,24938.5,0.8989,33.27280035555754,4.3879791526868654,19.05979090728004
176,5.4903,27160.0,0.8422,34.639485649232185,4.209310056069032,17.28050608045334
177,5.4883,26944.0,0.8509,34.37773651940171,4.237448808769949,17.52825463343551
178,5.4899,27033.5,0.8349,34.03346310390211,4.247074772810648,17.583383428470007
179,5.4885,26969.5,0.8375,32.42969652436536,4.307374371968119,18.068816470932827
180,5.4883,26973.5,0.8297,32.766880421483755,4.300645157591464,18.010175178748568
181,5.4875,26924.5,0.8423,32.9268476703442,4.288113544688703,17.935656336588938
182,5.4872,26799.5,0.8494,32.84571976727751,4.28001788210386,17.864412017017038
183,5.4881,24280.5,0.8783,33.32845816124918,4.51577250188308,20.237063267263476
184,5.487,27677.5,0.854,38.53190981794939,4.1976662501055575,17.32392711270133
185,5.6244,22324.0,0.9677,35.218599501687386,4.66291512805124,21.87812679248697
186,5.6269,22344.5,0.9662,35.49852539203033,4.610064450005002,21.238916718573943
187,5.6265,21854.5,0.9677,34.431737515240016,4.704725037653945,22.2134989721344
188,5.6259,28256.5,0.9177,37.503267968463746,4.145133753939268,16.63889073591783
189,5.6236,27712.0,0.9122,37.20173696079293,4.195617637433246,17.136261183443285
190,5.6244,27785.0,0.9084,37.04231484778762,4.2218876319325656,17.469852235575903
191,5.6233,27784.5,0.908,36.82036509259697,4.247580574054137,17.766364016736738
192,5.6232,27777.5,0.9106,37.19104878705726,4.251649860784662,17.749501962358455
193,5.6203,27686.0,0.914,37.17131384728878,4.227831352634373,17.44347297339874
194,5.6215,27911.0,0.9189,44.75183697787518,3.948859729457662,15.168655285623181
195,5.6211,27773.5,0.9264,35.811823215663765,4.2288057659687865,17.350329229593548
196,5.6186,27615.0,0.9155,35.387125055981976,4.2414233476278085,17.489277387621005
197,5.6191,26975.0,0.8922,35.693413662615825,4.319882954477424,18.24036578691664
198,5.6198,26897.0,0.8831,35.88613471875487,4.284420906671244,17.843223560621485
199,5.3548,19464.0,0.9514,28.29572271393919,4.856527402727492,23.70442793275254
200,5.353,19355.0,0.957,27.285360605608837,4.9394774144882145,24.622191215433006
201,5.3539,19664.5,0.9461,28.381051862478206,4.896343995073917,24.27771682137027
202,5.3545,19793.0,0.9461,28.954255646634802,4.863771954343231,23.96675729429229
203,5.3547,19569.0,0.9468,27.46288348629618,4.962692210506857,24.96048997140841
204,5.3531,19597.0,0.9531,27.44667806606654,4.910494013074198,24.28905299616332
205,5.3551,19736.0,0.9418,28.18234572349982,4.83123563165664,23.398258384913937
206,5.3537,27665.0,0.8595,31.837314498200943,4.2283475707008185,17.44398950685328
207,5.355,25719.5,0.8554,32.6216783754337,4.3030162486165775,18.1779997630968
208,5.3547,25904.5,0.8554,33.06949485816872,4.295059710999154,18.08069300309885
209,5.3528,26008.0,0.849,33.18081277723136,4.3088892696798435,18.291057922250523
210,5.3535,25444.0,0.8472,32.394327284559594,4.4064055628662695,19.28212965307043
211,5.3535,25011.0,0.8389,31.632140711544523,4.480493821385722,20.016525015710425
212,5.3536,24921.0,0.841,32.72341684575025,4.419497121257705,19.41541371987257
213,5.3527,25556.0,0.8426,32.99643690176807,4.344480240435358,18.593139732835827
214,5.3494,26018.5,0.8517,32.56399744077713,4.300525783169978,18.07905844966892
215,5.3489,25621.0,0.8591,33.052138476421085,4.338903646530563,18.48008644948779
216,5.3487,25318.0,0.8538,30.957259408524738,4.4447880852497486,19.557433363360982
217,5.3475,25871.5,0.8485,34.04257042245719,4.291578585362581,18.184655712903083
218,4.8107,23503.0,0.8471,33.88383439819329,4.624774273234625,21.205231088846386
219,4.8118,19437.0,0.9332,29.538388345231944,4.965673125490188,24.948698799531254
220,4.8113,19489.5,0.9366,29.840373906805873,4.914306550499229,24.349417371928727
221,4.8112,19599.5,0.9238,29.953120325737633,4.902672852985363,24.240304143055784
222,4.8108,19525.5,0.925,29.3640327812218,4.986730284938349,25.19079386522521
223,4.8101,19707.5,0.9513,29.048707914566577,5.003641584767722,25.455038801972854
224,4.8088,23176.5,0.8644,34.546451749325236,4.544337112499516,20.514495308025293
225,4.8103,22917.5,0.8757,34.99637804431887,4.566890519581611,20.74615001316077
226,4.8098,23201.0,0.8732,35.08874185510272,4.536345274957061,20.44596596571988
227,4.8105,23837.5,0.8926,34.768763536912665,4.486252474331491,19.880940966172076
228,4.8095,23533.0,0.8466,32.2755379394552,4.63274705104357,21.1893831128229
229,4.8092,23588.0,0.8468,32.50949570010637,4.630105692552696,21.190798840836628
230,4.8066,22922.5,0.8382,32.95170545536013,4.709688947378747,22.09763264706078
231,4.8093,23042.5,0.8482,34.11400568511052,4.62029165096125,21.248830419800278
232,4.8088,23642.5,0.8424,34.90772135763582,4.51203906849276,20.13921213601885
233,4.806,23234.0,0.8355,34.204150810096706,4.573895055235451,20.707216354378854
234,4.808,23186.5,0.851,35.78053476119387,4.517750316306583,20.242402535202768
235,4.6951,24254.0,0.8704,31.84963206874488,4.634689340265143,21.193945869809
236,4.6947,24138.0,0.8787,32.48281074857384,4.610482130917452,20.89324037556261
237,4.6949,24355.0,0.8763,32.63557185960812,4.578319280208138,20.572822348265593
238,4.6935,24216.5,0.8652,32.19028158813566,4.621760291933522,21.04545158185259
239,4.6948,24436.0,0.8686,32.14393801408526,4.613153638469534,20.997923768838103
240,4.6925,24064.5,0.8764,32.29693450697895,4.654988874099993,21.4680686466882
241,4.6944,24465.0,0.8792,31.663561905940195,4.6100732868897705,20.948694191748157
242,4.6945,23936.0,0.8243,32.720134327301125,4.6094195588736575,20.933393916230973
243,4.6939,24201.5,0.8591,31.961599083748634,4.597799131455349,20.761279397109554
244,4.6923,24027.5,0.8286,33.16868701169996,4.579777521373621,20.687760065720223
245,5.8265,29434.5,0.8294,38.48069154346987,4.131191014291809,16.55865978390175
246,5.825,29389.0,0.8584,39.57667635197825,4.07970955291532,16.11152164557545
247,5.8247,29212.5,0.855,38.3315490581977,4.119429310496757,16.361017491663468
248,5.8267,29085.5,0.8495,36.638396524588885,4.197477822720672,17.046279180582342
249,5.8279,29273.5,0.8707,36.4590940780782,4.158810115416257,16.734472307961052
250,5.8272,28773.0,0.8666,35.9716064962573,4.178576925044471,16.840387728064034
251,5.8271,28375.0,0.8822,37.48532474089457,4.154864843062145,16.72295408414428
252,5.8266,21495.5,0.9753,32.949262157923314,4.688423762478562,22.021046644646113
253,5.8266,21615.5,0.9795,32.85923555328547,4.720971284401506,22.423595272595314
254,5.8253,21817.5,0.9752,32.95272820900552,4.692495616646921,22.16478652089079
255,5.5003,28262.5,0.8448,34.68399088878763,4.200627788398913,17.19586784006232
256,5.5004,28396.0,0.8415,34.068437390637264,4.2110576012498875,17.20511987786207
257,5.4969,28484.0,0.8479,34.02442200717471,4.226817419363744,17.414002298424524
258,5.4978,27992.0,0.8528,33.491967170255144,4.226962962668737,17.39093333126134
259,5.497,20749.0,0.9439,29.23946555815605,4.81880084022265,23.262685947130016
260,5.4966,20112.0,0.9355,28.94656159765171,4.938610754896265,24.65350240453856
261,5.4954,20113.5,0.931,28.721671881945543,4.9100344644576355,24.26680735546333
262,4.8996,18723.5,0.972,27.462887337236122,5.173487720823223,27.12663123481972
263,4.8976,18571.0,0.9697,27.656551018943038,5.14248312271424,26.629201076162037
264,4.9005,18518.0,0.9659,27.125953767386825,5.196361988233658,27.32078995525341
265,4.9,18765.5,0.9655,27.539255157784815,5.153763231947723,26.933287495299727
266,4.9013,18720.5,0.9748,27.268134965940032,5.189573686550765,27.32916325908792
267,4.8997,24656.0,0.9025,31.009939646019042,4.55021396150445,20.42428797325893
268,4.8998,24965.0,0.9033,31.647008065654408,4.495671903771827,19.95463601345217
269,4.8982,24938.0,0.9089,31.939005704634734,4.481501509760222,19.799228517573255
270,4.8991,24668.0,0.9091,30.332587842074684,4.5239148381821055,20.07210477203653
271,4.899,24399.5,0.9047,32.46708195189913,4.521558367410431,20.20567456567808
272,4.8985,24005.0,0.8668,29.836415136124597,4.5539303955192745,20.5281370268128
273,4.9007,23906.5,0.882,28.995920032213434,4.615986871768119,21.138742504531294
274,5.1209,19575.5,0.9503,29.697458772301268,4.907621264859275,24.304234111805428
275,5.1205,19487.0,0.9566,28.24180190936954,4.948375163135449,24.56188894003681
276,5.1196,19549.5,0.9549,28.183712477855106,4.986511015763364,25.031490833140055
277,5.1183,19552.0,0.9581,27.302735694670577,4.990218735583886,25.156578475256115
278,5.1191,19661.5,0.9537,27.199078029935837,4.981608009093535,25.107849132857762
279,5.1174,19738.0,0.9525,25.93308319754925,5.028546768361295,25.372878049344767
280,5.1177,19474.0,0.958,26.584498637787842,5.045745693120228,25.55483182837804
281,5.1165,26423.0,0.8767,31.060748914811363,4.374427725722324,18.883068380909734
282,5.1164,26775.0,0.8895,31.183745356304897,4.296901695252119,18.085177647560464
283,5.1151,26738.5,0.8438,31.721874330953845,4.286294874827447,17.977240499678686
284,5.1148,26500.0,0.8687,31.352574320150204,4.323504391695307,18.340207888805892
285,5.1139,26342.0,0.8791,32.19599630613709,4.3335678011680905,18.51561343012235
286,5.1129,25827.0,0.894,30.51584055921395,4.432946988736233,19.468267560285316
287,5.1132,25619.0,0.8917,30.4955250678807,4.4543649261098555,19.725528806436216
288,5.1127,25697.5,0.87,33.08042798896902,4.3753105850479,18.908346961670336
289,5.1136,25609.0,0.8754,33.484958829325954,4.3519374629366,18.652334493564286
290,5.246,19086.5,0.9672,29.584109135383933,5.077535409269173,26.169632403687537
291,5.244,19188.5,0.9669,29.57435027867896,5.073551152038491,26.03003433587832
292,5.2433,19093.0,0.9704,29.55162856791994,5.085414852903653,26.17657665557388
293,5.2432,19296.5,0.9706,29.217745521002293,5.067779804524849,25.99217339748656
294,5.2417,19229.5,0.97,29.02121322918171,5.0939742436643,26.25709734026541
295,5.2426,19263.0,0.9632,27.438256582204794,5.1834522841642094,27.153969002397986
296,5.2428,25245.0,0.894,31.347182620891573,4.545467040559293,20.222897984503504
297,5.2432,25659.5,0.8861,30.680055440132794,4.552472891788979,20.251772088800948
298,5.2403,24998.0,0.9124,33.20392177467948,4.463657916907859,19.56115671226386
299,5.241,24645.5,0.8884,34.010207543316916,4.481702613240835,19.810924718427003
300,5.2409,24589.5,0.8922,34.23128790348928,4.486053657766584,19.827269078082953
301,5.2401,25853.5,0.8597,34.45789964878758,4.35806354109948,18.613477916258265
302,5.2374,25682.0,0.8783,33.331958735153314,4.42464272219669,19.171785784121703
303,5.2401,25907.0,0.894,34.59950479881364,4.355078241157369,18.566168133134003
304,5.2381,25457.5,0.897,33.621506263129,4.427024901922289,19.211868536957695
305,5.2374,25271.0,0.8811,33.14550417763381,4.46074954551372,19.501219113902394
306,5.2374,24994.0,0.8808,33.57756648426086,4.456561625933456,19.541431504747166
307,4.4745,22597.0,0.887,30.463937318242287,4.651591656167706,21.779933582206606
308,4.4748,22666.5,0.8872,29.728722706296995,4.682581708414605,22.00028735845537
309,4.4718,22598.0,0.9058,28.906685531873084,4.671589135561032,21.68743883966982
310,4.4731,22249.5,0.9158,25.972932602989502,4.823819170990249,23.282336721549818
311,4.4733,22996.5,0.85,29.402602618191004,4.773579714867075,22.682423072766017
312,4.8209,19945.0,0.9534,28.473991985306903,5.07453940549687,25.886056787579328
313,4.8197,19278.0,0.9388,28.420290839048956,5.100319225586197,26.105703463203955
314,4.8203,19704.0,0.9489,29.292882141564913,4.9760088825999595,24.976162357732843
315,4.82,25793.0,0.8242,32.810856870154815,4.3663471537273715,18.681352042105914
316,4.8192,25709.0,0.8299,31.75406785189181,4.43108669779109,19.306223607887745
317,4.8189,25564.5,0.8275,33.36834710229553,4.380641956697008,18.909435387440695
318,4.8173,25502.0,0.8184,32.39878777344168,4.377787688347123,18.77336868757548
319,4.8129,25219.5,0.8542,32.56204721644076,4.463465775168514,19.643709777741886
320,3.0577,18053.0,0.8798,28.591852617799297,5.383278730034895,29.33315009374168
321,3.0572,18228.0,0.8868,28.552818982977747,5.336234213249814,28.746848901288697
322,3.0576,17964.5,0.8785,29.258272754746844,5.358438502980278,29.172118117899842
323,3.0576,17819.0,0.8652,28.743987338413284,5.431171698736312,29.930114537956307
324,4.4068,19195.0,0.9563,24.9037259231647,4.981950158111244,25.238485237262488
325,4.4079,19012.0,0.9611,24.429931309260418,5.051549782855104,26.04895951183234
326,4.4085,19070.5,0.9515,23.86501815766512,5.047942921883059,25.91113052507897
327,4.4115,19044.0,0.955,24.8257190192219,5.016974719505357,25.610558587834607
328,4.4113,19113.0,0.9624,25.166295308665582,4.95144569975284,24.844546849210722
329,4.4101,22672.0,0.8994,27.04789397014341,4.6000790462734935,21.228268529584938
330,4.4088,22609.0,0.9016,27.050541435669345,4.625783623210696,21.555239232424164
331,4.4103,22638.5,0.9196,27.712544168553368,4.542160301771008,20.575964622103427
332,4.4103,22082.0,0.935,27.325391819811347,4.608656149026631,21.232316000601475
333,4.4059,21936.0,0.94,26.92115141147652,4.653263762577644,21.705818375664943
334,4.4089,22293.5,0.9286,27.286156581437943,4.633052128222654,21.614558673106732
335,4.4065,21622.5,0.8685,27.33503071966209,4.621718158425662,21.48793930116699
336,4.4064,21431.5,0.8801,27.021707612304887,4.654003014712024,21.818973986879396
337,5.7903,22035.5,0.9633,30.612164874588817,4.607122216959305,21.21233816475865
338,5.7906,21899.0,0.9617,32.64687295194101,4.550385855421249,20.696585461122456
339,5.7876,21788.0,0.9704,31.260449658753206,4.66231808578842,21.898748920864435
340,5.7895,21917.0,0.9742,31.28785717751718,4.6538510409586324,21.870506387289176
341,5.7909,22154.5,0.9693,31.77352558393658,4.574434185138496,20.94348445812924
342,5.7901,26399.0,0.8926,34.521452895068755,4.1833794887463585,17.225855495518562
343,5.7909,26677.5,0.896,33.71561964711427,4.187017955627763,17.182425478717693
344,5.7896,27744.0,0.8474,34.57382251333658,4.128430416380608,16.602614831702535
345,5.7893,27651.5,0.8642,33.662736912294456,4.172101994715794,16.99258376141829
346,5.7895,27362.5,0.8546,32.284752365237104,4.231005650791505,17.488276435250594
347,5.7903,27433.0,0.8566,33.55897619775265,4.167188775009016,16.93973610016802
348,5.7898,27192.0,0.8606,33.737845995861974,4.188957228474104,17.114464087952644
349,5.7892,27810.5,0.8726,37.10822022069293,4.1164756712278825,16.527991145222416
350,5.79,27203.5,0.8557,35.33029173720978,4.226291774040965,17.446318850103502
351,5.7883,27326.0,0.873,36.203958686395644,4.19773147248291,17.213075478619977
352,5.7885,27712.0,0.8826,36.32791376911994,4.140866530476738,16.7194340009358
353,3.3274,17876.0,0.9317,28.535598104755746,5.344584361581326,28.725398875817255
354,3.3287,17966.0,0.9356,28.06470524730131,5.368873702127723,29.118314185483023
355,3.3286,17805.5,0.9281,27.808048254743284,5.4310060673821745,29.902382863877683
356,3.3282,18735.0,0.8305,32.98000912388905,5.083648609454648,26.104349043572533
357,3.3255,18610.0,0.8371,32.54081335419969,5.123501782669782,26.547150353897038
358,3.7998,16571.0,0.9564,27.463373996958246,5.441624039237294,30.2180587875362
359,3.8015,16515.5,0.9566,27.09881623317566,5.451487349102723,30.270994170202727
360,3.8014,16309.5,0.9474,26.82725267511214,5.486906516325674,30.606356259889246
361,3.8013,16542.5,0.9548,28.038238190312875,5.382093202214972,29.443062839193317
362,3.8006,19420.5,0.9041,29.089296145537347,5.0726096166050425,25.817932627957692
363,3.8,19436.0,0.9147,28.691598367880967,5.08625798604862,26.021690084305522
364,3.7995,19499.0,0.9105,28.66100670623272,5.078438999172668,25.962993419070564
365,3.8015,19338.5,0.9219,29.68548993491327,5.054095525387475,25.678003246297408
366,3.8008,19680.0,0.8869,29.923434040764526,5.084305252697833,25.943220798110012
367,3.9324,16938.0,0.9408,26.73353584451721,5.423343903661988,30.00689590978552
368,3.9311,16997.0,0.9576,27.13860105160909,5.380221777178232,29.549289274170498
369,3.9324,16855.0,0.9596,25.51579514122989,5.486826330507026,30.70669230495075
370,3.9315,20287.0,0.8717,28.370730851794782,5.0210338471889555,25.384536732117343
371,3.9319,19964.0,0.8776,28.646245554918384,5.049560031031446,25.626418679159492
372,3.9312,20015.5,0.8867,27.10667877880385,5.081292475413986,25.863200420218966
373,3.9311,17155.5,0.958,26.189440874887982,5.4268697660843905,30.095171933827103
374,3.9287,19623.0,0.906,26.526277003271787,5.137571379901879,26.55786671643154
375,3.9304,19476.0,0.9183,26.56185966621619,5.136766732810048,26.530927736100622
376,3.9285,19376.5,0.9122,26.51165474941407,5.159063386606942,26.738138497255584
377,3.9288,19593.0,0.9179,27.43835367602708,5.097276598052432,26.116587719379208
378,3.9293,19401.0,0.9134,26.33419665861659,5.160687729049138,26.826944659466996
379,3.9294,20134.0,0.8828,26.253894706159322,5.106262028208121,26.09816785823015
380,3.9269,19939.5,0.8734,27.338101309043463,5.111729298465974,26.32924028711483
381,3.9274,19875.5,0.8943,27.908433124622405,5.099913244270858,26.197310327298528
382,3.7908,22264.0,0.8625,36.66831834210227,4.627685095774826,21.399901750078584
383,3.7917,22347.0,0.8669,34.46515448124018,4.8032685190560445,22.83278117503678
384,3.79,21902.0,0.8802,34.348237316417986,4.835981556849736,23.145402124586916
385,3.7898,21054.5,0.8387,34.27959742745357,4.861366709107162,23.479004134764207
386,3.789,21942.0,0.8824,33.17098456163083,4.898519764757073,23.74213116235561
387,3.7901,20451.5,0.8153,32.98033368807395,5.005672977723512,24.99586877350315
388,3.7899,22232.5,0.8689,35.89975688336229,4.655018593437396,21.669478664503465
389,3.7894,20473.0,0.8428,31.70479066926157,5.131695945639303,26.313703443988192
390,4.9262,25336.5,0.8304,32.887129680958076,4.594534722647049,20.825365987866913
391,4.9259,25626.5,0.8321,33.37671490600964,4.519896424929908,19.98903788707938
392,4.9236,25261.0,0.8395,32.7384964039155,4.5656502287553895,20.39017828600461
393,4.926,25358.5,0.8394,33.533990815930736,4.5404364372215404,20.22203725946266
394,4.9254,25260.5,0.8412,32.811004292002906,4.5663400850138425,20.578456921293682
395,4.9243,25328.0,0.8477,34.81909202815643,4.4785788568240354,19.79207776753927
396,4.9254,23342.5,0.8911,32.83474776060111,4.689339713942997,21.662416515059586
397,4.9251,23474.5,0.8689,35.02925732783775,4.587364902636644,20.91400888944794
398,4.2615,22305.0,0.8887,36.02824157380396,4.580541367720388,20.862721705377492
399,4.2606,22483.5,0.892,35.798289830273696,4.570421858328941,20.795669003006093
400,4.2604,22412.0,0.8916,35.34411954960367,4.574563864332741,20.746748236579464
401,4.2589,22320.0,0.88,37.53348573057304,4.549468210075895,20.645431113243742
402,4.2602,21977.5,0.8912,34.396842176861576,4.696384224183191,22.056105156635876
403,4.26,19020.0,0.9658,31.59028163021401,5.075587886292239,25.959420019086526
404,4.2597,22168.0,0.9034,34.98008449792595,4.673328079567218,21.75699652417732
405,3.8362,22401.5,0.7731,35.22459792861801,4.610191660561362,21.089594328088154
406,3.837,19921.0,0.9537,35.2736487019948,4.886008277379247,24.105685288754145
407,3.8365,20257.5,0.8412,37.33455785876338,4.646399723712701,21.687483295544403
408,3.8359,19598.0,0.93,33.21568878600488,4.9036801509945,24.189044082781617
409,6.3606,26821.0,0.9212,32.54085599659096,4.334835295518045,18.358900412918196
410,6.3617,29448.0,0.9,30.940920352408842,4.098641675532284,16.401904587375913
411,6.3614,28674.5,0.8895,34.102190214668255,4.115167963853947,16.474321496689843
412,6.3612,28578.0,0.9028,31.041980191021096,4.174385938481655,17.09785080656604
413,6.3611,29867.5,0.8558,34.39422499199273,4.033190716952208,15.87918469380817
414,6.3606,28036.5,0.7993,33.476965650257426,4.235580899923505,17.59874854610395
415,3.8931,17249.0,0.9437,28.93697290175456,5.436182439848404,30.098638118684995
416,3.8898,17127.5,0.9532,29.58793729922765,5.424209886378772,30.01779415429432
417,3.8924,17304.5,0.9544,28.307301829201915,5.458785005953704,30.335297629555285
418,3.8898,20211.5,0.9017,30.654577115850653,5.05802805532078,25.587771276872793
419,3.892,20799.0,0.9044,30.61784905776388,4.970203725219565,24.626011241774428
420,3.8908,20532.5,0.9062,31.358100644445532,4.975144998590354,24.79291731429384
421,3.8905,19540.0,0.8909,31.14361968180754,5.10254636717806,26.145596623833434
422,3.8894,19536.5,0.9345,30.727863766373453,5.107669009696517,26.206911204646737
423,3.8901,17065.0,0.9475,29.523301544576366,5.425448161816303,30.050673010592448
424,4.5957,18841.0,0.9589,32.04612202890955,5.04070269248421,25.712256252769183
425,4.5941,19112.5,0.9661,30.870436875084778,5.068157180807868,25.953102434217282
426,4.5955,18797.0,0.9667,31.34181897937893,5.083971535852978,26.2983826367335
427,4.5936,18778.5,0.967,31.72030264938927,5.053659311029488,25.94615497722879
428,4.5955,18797.5,0.9652,30.367739376753992,5.120460267565574,26.522616056514913
429,4.5965,22043.5,0.858,32.87032935721376,4.731925658607152,22.333952181966005
430,4.5955,21283.0,0.8705,32.767224544099506,4.823372919657008,23.383604960327553
431,4.5946,22435.0,0.8731,35.555348174929016,4.601821366712198,21.117279289723072
432,4.5949,22560.5,0.8777,33.75274760550814,4.652065026161082,21.54209063494009
433,4.5948,21680.5,0.8771,34.60288744888278,4.696556353700049,21.987680153569354
434,4.5927,22522.0,0.88,36.68842663242326,4.525636105848615,20.508595398845983
435,4.5946,22195.0,0.8738,36.603794408593316,4.5559463777003835,20.72303343023003
436,4.5947,21209.0,0.8744,35.10426548090061,4.715553539658212,22.223755680603993
437,5.0973,20506.0,0.9509,34.61574159566537,4.80272198647004,23.17720305621801
438,5.0977,20152.0,0.9607,35.80272112767656,4.792912815560817,23.169033448461253
439,5.0973,20708.0,0.96,34.68681596470019,4.782142695292986,23.071098987578196
440,5.0957,20014.5,0.959,34.04172621434791,4.846596311698687,23.728939894321915
441,5.0964,26383.0,0.8427,40.076119133551806,4.1990321581565695,17.215817946507368
442,5.0955,25677.0,0.7943,39.09534487236476,4.30718629730893,18.177955102003423
443,5.0929,25570.5,0.8012,38.26160300981225,4.319333708421088,18.29699785977143
444,5.0937,25583.0,0.8272,39.41000718173409,4.29096719265849,18.080799593207328
445,5.0928,25549.5,0.8604,38.03052856129807,4.309669476711666,18.2321425841638
446,4.7968,19195.5,0.9806,28.43490755875914,5.061991534373925,25.989793205368915
447,4.7963,23867.5,0.9441,33.92030212919909,4.4416780241311855,19.76646920752374
448,4.7961,22292.5,0.8917,32.31753096677038,4.677644063598361,21.875104426160615
449,4.7959,23380.5,0.9364,32.95802908490521,4.466904414997463,19.8846102229637
450,4.7956,23491.0,0.9339,33.34590297228486,4.509623717002487,20.30121779100339
451,4.7955,22162.5,0.9216,28.56313554271671,4.853598733799017,23.631034554205552
452,3.5331,20236.0,0.8795,29.386560189267495,5.005378713239761,25.46974277396903
453,3.532,15365.5,0.9309,27.276354711487798,5.620549631795552,32.32922166308191
454,3.5312,18581.0,0.8919,31.089226288127634,5.094786290770027,26.33426150498788
455,3.5307,18828.0,0.8574,31.488324632389542,4.997267073637701,25.363152460034442
456,4.7346,20267.5,0.9723,28.681805465860073,4.893658230961857,24.233475565924625
457,4.7324,20459.0,0.9756,28.935580733653087,4.838996292164537,23.635630069947638
458,4.7334,20195.5,0.969,29.53953595319508,4.838857510930674,23.615209472833055
459,4.734,20216.5,0.9696,28.393195761348057,4.912966612707309,24.41226611628354
460,4.7335,22885.0,0.9134,31.60322559680201,4.546304951084282,20.49448802079997
461,4.733,22721.5,0.9185,29.28262553347772,4.624824196273859,21.16822202671805
462,4.733,22225.0,0.9106,29.77139403934055,4.679988459326067,21.80333604948304
463,4.7323,22855.5,0.9308,31.916425677747725,4.52032920915717,20.268543970129205
464,4.7319,22188.5,0.9251,29.47557313092448,4.720346605635138,22.21921785858584
465,4.7304,22079.5,0.9197,27.52592539827113,4.792043881761174,22.87837730476184
466,4.7314,21831.5,0.9123,27.406742703378317,4.841168064577973,23.392243673666403
467,5.1174,20593.0,0.9543,25.613490133516756,5.024499543061569,25.333221765339445
468,5.1177,20560.0,0.9647,25.902625470165315,5.008735389420134,25.179129054698073
469,5.1179,20406.5,0.9576,27.16671216185712,5.106648094770305,26.635696812947607
470,5.1176,20868.5,0.9615,26.618788579646047,5.028189358692589,25.68410153443131
471,5.1174,24007.0,0.9197,31.711802866318557,4.657739424132313,21.59265535021358
472,5.1169,24959.0,0.9077,29.274833173143595,4.549859656195411,20.420153986038088
473,5.1165,24696.0,0.9228,30.050184713467093,4.586403800359277,20.99684309124255
474,3.3835,15264.0,0.9653,23.68727497544338,5.76911019596652,34.27343126506226
475,3.3832,15260.5,0.951,23.306892671398657,5.751847752020685,34.00227261979515
476,3.3832,15277.5,0.9601,23.443881441199913,5.725230076506221,33.590111978177966
477,3.3835,14969.0,0.9651,23.514898462202336,5.799353861624165,34.63367093073958
478,3.3823,18313.0,0.9159,26.255302529658135,5.3497463989614475,29.080332691561132
479,3.3814,17818.0,0.9109,25.278241438108914,5.4451431061097,30.18854239374076
480,3.3798,17784.5,0.9124,25.571417963561565,5.396176779488512,29.480703186224893
481,3.3823,17927.0,0.9179,25.695545030454134,5.352781528899249,28.97318343327469
482,3.3803,17745.5,0.9226,26.873381556098984,5.322448958903752,28.84321909090775
483,3.3823,17640.0,0.9091,26.79411723746023,5.35135633619363,29.16495144820793
484,3.381,17643.5,0.9078,26.640921563833604,5.358080272180623,29.154029027427683
485,3.3815,17579.0,0.9276,27.06947883720028,5.388361413710479,29.54764329433312
486,3.3811,17173.0,0.9148,25.45755288852853,5.4898588560442,30.742242180027105
487,3.3815,17402.5,0.8904,27.183585152387387,5.352326386892166,29.127768329450987
488,3.3805,16754.5,0.92,25.67745588774949,5.533259006518271,31.336015490214045
489,3.5085,16133.0,0.9584,25.560313633722597,5.749278979698861,33.74413193173098
490,3.5084,16104.0,0.9556,25.860753874709186,5.78602000670525,34.34277161427624
491,3.5086,16286.0,0.9692,26.021687280216156,5.727677298537971,33.432773052778316
492,3.5068,18924.0,0.9135,27.95731847425356,5.246985022423163,27.709867253516638
493,3.5077,18268.0,0.8961,26.940588922073704,5.424032344409477,30.01601131807533
494,3.5067,18525.5,0.8891,29.492926775626298,5.239373208837925,27.932159815237696
495,3.5025,18643.0,0.9162,28.98255056485342,5.205487663164662,27.373803316848083
496,3.5012,18384.5,0.8875,28.662684994904666,5.2609122005218305,27.921773907991135
497,3.5019,18685.0,0.9005,29.949073787951736,5.286680236089926,28.03437022804229
498,4.9371,20009.0,0.9492,29.402075954172712,5.169282860509042,27.054289714892278
499,4.9335,20099.0,0.9514,30.07193182826126,5.059341970687604,25.726478347419334
500,4.9352,20053.0,0.9551,29.176204114618294,5.145450738629216,26.769830038223056
501,4.9356,23529.5,0.8818,33.35460685955733,4.606986979605483,21.225933512106362
502,4.9353,24034.0,0.8785,34.11735889526018,4.538472848150455,20.488908800717528
503,4.9347,24074.5,0.882,35.14922437025216,4.436408323110977,19.40823038759231
504,4.935,23712.0,0.8838,34.68429791870365,4.4941895266947,20.009739162329158
505,4.934,25117.0,0.8609,36.744526918084084,4.322312092367638,18.471937172514373
506,4.9338,24879.0,0.872,36.683314864082895,4.352099613427436,18.781122352275876
507,4.7104,22947.0,0.8897,30.76261345946703,4.687927778514364,21.933348898309095
508,4.7099,18645.0,0.9584,27.149457686783528,5.255086526568956,28.146575159296646
509,4.7085,18604.0,0.9621,26.705725743688976,5.229113382386718,27.60527106422502
510,4.7054,18649.0,0.9632,26.07077244660359,5.300758362357389,28.49664205741629
511,4.7059,22737.0,0.8603,30.187160668057818,4.693132491760923,22.124952457250934
512,4.7049,22678.0,0.8485,29.594053740259323,4.741104435002273,22.630719406561195
513,4.7048,22482.0,0.8622,29.4119239360111,4.742327579901648,22.537409898497717
514,4.7034,22122.0,0.8615,28.750423427892194,4.822953690335529,23.371618931866788
515,4.9606,21862.5,0.9387,27.862659708994798,4.943777008325428,24.591754406017344
516,4.9599,21693.5,0.9336,29.27513689646204,4.943823985398343,24.8139566978727
517,4.9559,26941.5,0.8601,31.976228235952913,4.423192908697407,19.12186513182168
518,4.9582,26060.5,0.9016,31.135450415372212,4.4991986217527025,19.775763059210117
519,4.9565,25378.5,0.8709,31.71356165181967,4.562846746149614,20.5504206395616
520,4.9573,24303.5,0.8483,32.86741727689217,4.5791759950226965,20.795098536807952
521,4.9565,26245.0,0.8982,33.02351753766712,4.459720405890079,19.5357696802356
522,5.2013,19673.0,0.9753,27.794099675996858,4.955116128461388,24.969846992836395
523,5.1978,19462.5,0.9784,27.1924808951054,5.030063570846714,25.822714785618142
524,5.1973,19560.0,0.9798,25.931078465367804,5.0523473485521935,25.936713852423665
525,5.1964,19561.0,0.9749,27.110480658749214,5.028244022885329,25.912174542058995
526,5.1955,25082.5,0.8765,30.722357199081017,4.523145390666214,20.3197799334291
527,5.1922,25110.5,0.8883,30.92754206145759,4.485448891116502,19.94559817403582
528,5.1942,24543.5,0.8948,32.06457774548253,4.458954161008446,19.604476787289066
529,5.1954,24524.5,0.8891,32.61490287033325,4.449614363831847,19.63159247380077
530,5.195,24805.0,0.9152,32.96314914202419,4.384558948786239,19.01431834641403
531,5.194,24100.5,0.8888,29.55283021021598,4.59078948145274,20.886209168375423
532,5.1947,23799.5,0.9023,29.33946686155642,4.611451239477639,21.08230274033792
533,5.1953,24260.5,0.8871,28.882545921301634,4.629176084990323,21.543480439171688
534,4.3326,17839.5,0.9757,24.62661925414197,5.415304955254842,29.865027025634518
535,4.3358,17774.0,0.9764,24.91402950249288,5.41929095289927,30.113220862424193
536,4.3356,17732.5,0.9681,23.9965095095543,5.377701445785209,29.545490005205735
537,4.3349,21071.5,0.9019,26.99148123850135,4.994854177665243,24.91943932754803
538,4.3333,22280.5,0.9031,27.198056877867813,4.7593482979304245,22.574022610510134
539,4.3328,20938.5,0.9074,28.630145451994125,4.88713325722882,23.7715431170157
540,6.0109,22700.5,0.9559,29.219498062594155,4.6562672059235455,21.572361787428378
541,6.0102,22524.5,0.9476,29.14314397316423,4.641563146769353,21.446350453036864
542,6.0117,22682.0,0.941,28.583364109925526,4.707828251470658,22.3293836626055
543,6.0104,22604.0,0.9447,29.472164293225795,4.618393348192312,21.242155110653187
544,6.0112,29096.5,0.8528,33.8571588777763,4.124700654363646,16.51488019110187
545,6.0115,29007.0,0.8584,33.275125634113614,4.138802362241771,16.62174506889849
546,6.011,29175.0,0.8585,32.94305002578747,4.111669782821618,16.30912536447292
547,6.0108,28709.5,0.8529,31.93958093967472,4.218909297725179,17.364441791259587
548,6.0111,28109.5,0.8385,34.73582322769548,4.191240621608538,17.19876277833317
549,6.0108,28605.0,0.8532,32.72404657703734,4.19835009793764,17.193643778681135
550,6.0096,28527.0,0.8585,32.8254556359616,4.201946478723366,17.22559582970634
551,6.0098,25217.5,0.8937,31.01886489765795,4.3853532710175855,19.05226280557969
552,4.5636,18609.0,0.9583,31.257010554941534,5.06247241674555,26.005451475499306
553,4.5625,18261.0,0.9586,31.177631776379922,5.094382680850403,26.39340381359172
554,4.5626,18889.5,0.9595,31.391559069695717,5.021544832248467,25.59512623132389
555,4.5623,18696.0,0.9685,30.41041964781169,5.087927076421117,26.259214131969298
556,4.5608,18912.0,0.9631,30.26017231608553,5.076509657835505,26.108903027190813
557,4.5595,22685.5,0.9051,31.955098032282038,4.729899688227961,22.26550692258608
558,4.5583,22697.5,0.8806,31.09109458841686,4.719975921999756,22.138270397385906
559,4.5537,21689.5,0.8776,29.89230432420544,4.904654856573291,23.97454228849212
560,4.5539,22070.0,0.9066,31.867227996026603,4.771216878810576,22.72863110616573
561,4.5535,22608.5,0.914,32.71785428828886,4.632014126366991,21.518930262770283
562,4.2228,18576.5,0.9567,24.32666197175503,5.266521704947221,27.99300549366422
563,4.2227,18890.0,0.9603,23.50670959353828,5.363039960343014,29.232882100023886
564,4.2215,18672.0,0.9639,23.55594744061361,5.392287422859556,29.59933838377718
565,4.2209,21142.5,0.874,26.21271479089164,5.219274557107751,27.930508367788562
566,4.2206,22249.0,0.8873,28.769397005793518,4.89740649077151,24.20514441419205
567,4.2202,22329.0,0.9176,30.09802878245056,4.808352118346786,23.230164072748803
568,4.2199,21420.5,0.8444,27.65730000674375,4.9608399144711095,24.574019404268736
569,4.5246,18483.0,0.9555,27.742691006619342,5.270154538147595,28.229980642577093
570,4.5234,19148.0,0.9485,27.838624210825742,5.238227537971148,27.99830281758142
571,4.5242,20403.5,0.9534,28.561324501780355,5.094395716658483,26.181663614165092
572,4.5241,22875.5,0.9377,30.980159610314796,4.739607347983472,22.223672937209944
573,4.5242,22867.5,0.8769,29.053185659394973,4.799443172904,22.918228486261572
574,4.5229,23032.5,0.8899,30.408104044080847,4.750479748861665,22.505112411671035
575,4.5214,23810.5,0.909,34.017301381740175,4.504753513454861,20.20649006630243
576,4.5221,21914.0,0.8907,31.16451779352451,4.795278842028292,22.973455640696056
577,3.5087,15210.0,0.9645,25.41509636194839,5.7572918949082625,34.09038826494236
578,3.5081,15138.0,0.9721,25.529117690074127,5.789161533556103,34.43929182902263
579,3.5059,14742.5,0.9747,26.18066854913144,5.772047364787807,34.262956880418166
580,3.5017,18288.0,0.9338,31.270037745280273,5.088584075372849,26.349233953910986
581,3.5051,18111.5,0.93,28.895941227597966,5.213759691030431,27.646914870235083
582,3.5048,17684.0,0.875,29.52633748472947,5.237623795923608,27.89693262478597
583,3.5039,18222.5,0.9159,30.781875478749598,5.134128956253108,27.01338152462455
584,3.5046,18187.5,0.9285,30.71112635332681,5.107559565468017,26.45498803796956
585,3.5038,17828.5,0.8849,29.04226120859701,5.281740557857987,28.360321682159324
586,3.5036,17923.5,0.9141,28.196855511970874,5.332988533338574,28.78012853685861
587,3.5032,17953.5,0.9348,28.128813919087218,5.261111599772233,28.087512394639948
588,3.5023,17569.5,0.9221,30.210465131249833,5.187065895121786,27.452099098450024
589,3.5018,17565.5,0.9162,28.929129525339565,5.290202772593405,28.44147332443416
590,4.9498,20392.0,0.9801,29.686318862292353,5.002581730719319,25.19307120716475
591,4.9519,20010.5,0.9785,31.77928900759555,4.948658738430382,24.716396549275
592,4.9504,19876.5,0.9831,30.843003999807028,5.0173941914124836,25.461213333613234
593,4.9499,19816.5,0.9837,30.659835937304017,5.029688541171613,25.678699009541532
594,4.9494,24231.0,0.9108,32.632981751826165,4.514494593746915,20.236146754958124
595,4.9478,24047.5,0.897,33.404311967510836,4.470241441162981,19.830376866152232
596,4.9486,24323.0,0.9042,33.36277213313111,4.44312455625336,19.43650890241466
597,4.9488,23847.0,0.9166,31.403000044995434,4.592209485598473,20.906930273212687
598,4.9488,24093.5,0.9053,31.207393674409897,4.606315363573971,21.063825294135647
599,4.9482,23421.5,0.8995,30.70628293633165,4.657880506098203,21.571972652201726
600,4.9478,23375.0,0.9077,30.051620638861326,4.7482980234231995,22.353146273849568
601,3.5437,15373.5,0.9574,22.79690617257947,5.742698401601394,33.98296739799705
602,3.5452,15291.0,0.9714,23.804303991870725,5.6548650271885235,32.956073851080546
603,3.543,19101.5,0.9048,26.69828326514229,5.102695325834615,26.71950626650052
604,3.5439,18820.5,0.8821,25.327441851658378,5.176289310812793,27.373301361658303
605,3.542,18986.5,0.8958,25.701490740036807,5.0967883739106545,26.32294778901395
606,3.5434,18902.0,0.9072,25.73585962697336,5.144012604675703,26.988062512758884
607,3.5431,18827.0,0.9133,26.39221273776158,5.151977611006515,27.255996088882398
608,3.5403,18424.0,0.898,25.596529122209834,5.204951226431612,27.73048885353581
609,3.5422,18119.5,0.8626,25.59835951881811,5.23837826169967,28.15006079720861
610,3.5417,19119.0,0.8613,27.10337758562251,5.093467561066362,26.31313829460713
611,5.0581,19748.5,0.9496,28.3135990588291,5.064946542836161,25.80645054847101
612,5.0584,20288.5,0.9548,30.501339639770894,4.928449861848468,24.526452387410302
613,5.0575,20255.0,0.9695,30.5848071160876,4.9563313588613385,24.98185620603126
614,5.0572,20461.0,0.9642,30.801505955767542,4.871734868628863,24.01602916045767
615,5.057,20146.0,0.9666,30.925586026302824,4.87074984169956,23.895933282234186
616,5.0569,22499.0,0.9002,32.033458365484414,4.620388140056219,21.351503614626292
617,5.0553,24290.5,0.8892,31.95881676834402,4.5569506845466545,20.429435234834425
618,5.0553,24070.0,0.8982,31.209164386591773,4.603462199928657,20.82274768688832
619,5.0544,24164.0,0.9215,31.080430499373367,4.604070335589091,20.90504612177401
620,5.0522,24229.5,0.9112,30.639679519542568,4.631467222070517,21.25689959188283
621,5.0524,23777.0,0.9077,29.242299758557483,4.709280791317981,21.886729563469206
622,5.0524,23653.0,0.9107,30.399961335224848,4.669105132058627,21.469677710524756
623,5.0514,23463.5,0.9061,31.93627728369249,4.597402584942899,21.03169650544157
624,5.0511,23457.5,0.8881,32.6645384863042,4.594942462170581,21.047629685698514
625,5.0511,23410.5,0.8922,32.971476179916294,4.578626584612313,20.909892829931252
626,5.0517,23453.5,0.9015,32.84155432553556,4.550643658381205,20.679563814617726
627,5.051,23557.0,0.9049,33.752542626000505,4.482674714248616,19.980649507110098
628,5.0498,23168.5,0.8853,33.323247692200525,4.592643955940568,21.06006876253542
629,3.4782,16380.5,0.9612,28.596021880639082,5.580741280168128,31.703743803845285
630,3.4761,16268.0,0.9682,28.876152445417016,5.567774501515052,31.627349431188684
631,3.4779,16416.0,0.9609,27.537857942202393,5.651049609657672,32.60553429055621
632,3.4773,18340.0,0.8904,29.42906614594854,5.317146700210556,28.57971816090249
633,3.4783,17825.0,0.9389,28.89372387038204,5.369545648579692,29.256061075406762
634,3.4778,18552.0,0.8942,28.910961691488005,5.2487776554776895,27.833842616436296
635,3.4775,18904.0,0.8322,30.36605060050511,5.23929586168402,27.647953442554908
636,3.4772,18775.5,0.8283,28.59718464055086,5.317940024727359,28.429281518765727
637,3.4762,18356.0,0.8757,29.18518415449518,5.34292862126332,28.771173902603273
638,3.4757,18283.5,0.8757,28.80763777585846,5.3630909316081175,29.0393373227897
639,3.4764,19012.0,0.8931,30.944741097018532,5.125059352928552,26.50763351269391
640,3.4759,18830.5,0.9051,30.24620015695399,5.192951001931021,27.246759945386778
641,3.4755,18457.5,0.839,27.889098235528124,5.373195453988632,29.057319400542376
642,3.4753,18321.5,0.8431,28.820441861409183,5.3685836960946185,29.046560380151654
643,3.4746,18175.5,0.8821,27.910144044625433,5.3325603288730585,28.718218183462543
644,3.475,18252.0,0.8888,28.37416997493043,5.317527151894411,28.621228596176252
645,3.4745,17847.0,0.8895,28.8178666430002,5.394457424967539,29.501819971699916
646,4.0505,18120.5,0.963,25.145494445720512,5.45541319169109,30.233607718958204
647,4.0521,17836.5,0.9482,24.6245018448137,5.471999135802499,30.161122090002003
648,4.0509,17990.0,0.9544,24.602218997519437,5.47645493759322,30.418302297289785
649,4.0518,21276.0,0.8963,27.253103251660992,5.06013462577396,25.584437255169174
650,4.0516,20867.0,0.8839,29.15696672812007,4.9976932133072935,25.02557425604912
651,4.0513,20474.5,0.8997,27.766347162122553,5.097206432443006,26.081993235510943
652,4.0499,21136.5,0.9024,28.481863929575674,5.027315980210448,25.363542187415188
653,4.0505,20731.0,0.8956,28.49634046269783,5.02136298785768,25.25350097164033
654,4.0506,20922.5,0.8788,27.845618674317112,5.063315128881611,25.740937718650972
655,2.6977,13427.0,0.9729,22.15124082767279,6.396293925444464,41.834033867281924
656,2.6972,13131.5,0.9782,21.906966941986077,6.525092204347461,43.69833884304966
657,2.6974,15345.0,0.9103,25.593619112020477,5.868575040190188,35.0950630010111
658,2.6972,15105.0,0.9058,25.151637183388534,5.9352620232556585,35.87758730309104
659,2.6961,15122.0,0.921,24.942216146067413,5.966970739824462,36.273112367105234
660,2.697,14947.0,0.9309,24.769955065553255,6.024300369947584,37.07573472888789
661,2.6968,15039.5,0.9148,24.67087912281594,5.984549749909767,36.49852557362538
662,2.697,15368.5,0.9158,23.74023251346751,6.004059001119538,36.4675737902226
663,2.6962,15025.5,0.9277,23.918310723167483,6.07647056507435,37.54469792396124
664,2.6931,14682.5,0.9519,22.91872508037685,6.1977821421759955,39.52576339302688
665,6.1317,22966.0,0.9455,27.191144466752363,4.804081117192671,22.959280092769923
666,6.1325,23041.5,0.9382,26.365437394816034,4.85486524359456,23.51621880031219
667,6.1313,23767.0,0.9569,28.999173225116504,4.673033706960243,21.6440865878609
668,6.1306,22716.5,0.9423,28.634034117686568,4.753594554223624,22.36768055196142
669,6.1282,22713.5,0.937,27.56915280943612,4.795649561480454,22.935667075498827
670,6.1291,23306.5,0.9592,27.07711469661521,4.799988103603728,22.980812305055153
671,6.1286,29258.0,0.8302,31.869079979065223,4.225532525088122,17.23661597933924
672,6.1284,28615.5,0.8375,30.282889611456014,4.326906402943836,18.275293615970646
673,6.1285,28966.0,0.8323,30.381682365932587,4.297879172297473,18.008021992987548
674,6.1281,28307.0,0.8743,32.413600358846274,4.28183132745525,17.881496762997806
675,6.1253,27952.5,0.8847,30.9718309336183,4.377497992929835,18.701970877261033
676,6.1248,30728.5,0.8713,31.733422338136073,4.18263302562679,16.794143020183704
677,5.2807,20527.5,0.9587,24.20907299716911,5.251201626328235,27.528075330705235
678,5.2788,20541.5,0.9622,25.171811690973747,5.262736316914804,27.865140167811145
679,5.2788,21386.5,0.9594,25.99566500738245,5.125022420478018,26.341385475830005
680,5.2771,20939.5,0.9631,26.449850492919147,5.121195189713896,26.139962509383416
681,5.2746,24664.5,0.889,29.022449407789793,4.661254335162044,21.658617154655232
682,5.2698,24301.0,0.872,29.972233145105488,4.654087832052611,21.54750374651565
683,5.2685,22707.0,0.8566,28.30605785321222,4.85947544047946,23.545190999203566
684,4.639,18622.5,0.937,28.85408188447756,5.371979876270308,29.27146336593939
685,4.6407,18380.0,0.9466,27.75038721866273,5.418783271374618,29.8596772010903
686,4.6409,18605.0,0.9471,27.772197734909422,5.403801055898281,29.499235872164355
687,4.6359,18561.0,0.9407,27.131955002092393,5.452020656117538,30.066917526891338
688,4.6367,18821.5,0.9567,28.245899398302726,5.384080831528056,29.41623130653712
689,4.6358,18781.5,0.9465,27.71796688506981,5.3848001554302645,29.419028146294117
690,4.6346,22674.5,0.8556,27.397622159431165,5.02488803943879,25.541547470899214
691,4.6337,22237.5,0.8691,27.391054362203086,4.984234203189313,24.73625373572485
692,4.6342,22157.0,0.8777,27.194616490281973,4.975363973971034,24.47335157832584
693,4.6342,22168.0,0.8618,27.53710581739215,5.000182134301146,24.980387033226375
694,4.6352,18534.5,0.952,27.277372754639696,5.431051369795622,29.83715291954541
695,4.6344,23577.5,0.8731,31.045024070266418,4.749186509439866,22.317387573235408
696,4.6328,23434.5,0.8682,31.753338926621947,4.724881570048182,22.088452448903535
697,4.6317,23054.0,0.8794,31.573924719454922,4.801605649168693,22.90256449851884
698,4.6278,23194.5,0.8784,31.429290580149765,4.808777607540977,22.933612490377868
699,4.962,19664.0,0.9738,26.98107005729885,5.202126100484208,27.29890814719213
700,4.9651,19578.0,0.9714,28.083334557060656,5.179550339121084,27.064573738163485
701,4.9661,19976.5,0.9735,27.095839802363404,5.154966210394953,26.798872140493742
702,4.9634,24298.5,0.8872,31.665593083371228,4.606308681867712,21.05194332844462
703,4.9666,23861.5,0.8862,30.491251041414188,4.686837009983833,21.778316510927493
704,4.9637,23980.0,0.8812,31.310456572599666,4.660279066569926,21.602155047122967
705,4.9621,23936.0,0.8881,30.557789817080174,4.690983182615999,21.783639051565842
706,4.9628,23688.0,0.8922,30.189688972871277,4.722552358210363,22.100072329798596
707,3.0221,17622.0,0.938,24.94220966244829,5.564848382950554,31.416320069248535
708,3.0208,17575.0,0.9225,25.232882959646314,5.552329644795784,31.213724846173996
709,3.0234,17855.0,0.9369,25.149902553184962,5.579953795610268,31.740181433563755
710,3.0211,18486.5,0.8959,24.895726588813446,5.454097159602345,29.945413499227293
711,4.5372,18937.0,0.9645,27.52442750185634,5.302265443815131,28.483371052364433
712,4.5397,18675.0,0.9542,26.92221368579591,5.376955641849982,29.37031778942434
713,4.5397,18754.0,0.9575,26.589184290960684,5.352142953517743,28.943699670904113
714,4.5417,18859.0,0.9627,26.569587294081614,5.318382147359536,28.529833116684593
715,4.5405,22306.5,0.9017,29.651456126373606,4.832361422536948,23.499934565417146
716,4.5394,22997.0,0.8807,31.585300275551866,4.761271284752523,22.674040123405952
717,4.5401,22780.5,0.8783,29.553756262404256,4.852658950740583,23.596532095942603
718,4.5416,22357.0,0.8861,28.68849885053063,4.924243812128007,24.305580560765822
719,4.5406,22263.5,0.8808,30.20101413000386,4.837699167031242,23.236310885130642
720,4.5337,22951.0,0.893,30.599937207808306,4.7640449336657404,22.647834441815824
721,4.1058,17029.0,0.9804,27.188472238501152,5.617372286804718,32.09293758733571
722,4.1095,17545.5,0.9732,26.152148706631436,5.604913941834393,31.813884844950444
723,4.1097,18193.0,0.974,27.631420724367192,5.4319375041567595,29.806302687200855
724,4.1067,17634.0,0.9643,28.044522547553804,5.5103389809126915,30.797338830475134
725,4.1061,21155.5,0.851,31.08763971808602,4.969334947406508,24.502690259397255
726,4.1086,20828.5,0.8394,30.097883050225956,5.095103894431141,25.8253701298791
727,4.1072,22121.5,0.8758,29.704682588714,4.891588430041352,23.66549832558299
728,4.1083,22227.5,0.8894,28.957425539676642,4.918596287171328,24.034217420262042
729,4.1066,21898.5,0.8814,29.690615658751767,4.943739106325126,24.49507702486827
730,5.8161,22658.5,0.9524,25.746622837233,4.800518659360046,22.911111674941466
731,5.8114,22595.0,0.9624,26.52818528344654,4.802607313479723,23.07688982807862
732,5.8163,22725.5,0.9648,26.684807760225446,4.870018676890917,23.97576275591523
733,5.8165,27060.5,0.9313,31.172156603493903,4.376720959647961,18.650176133910414
734,5.8151,26623.0,0.919,30.865293142851556,4.472319438689647,19.664221488430055
735,5.8188,26783.5,0.9275,32.111099940160464,4.435851738701129,19.39104167407553
736,5.8178,26958.5,0.9402,31.754569000626148,4.415989630781167,19.155394331168022
737,5.8181,26861.5,0.9291,31.053260753449944,4.405599380659713,18.945860196242435
738,5.817,26409.5,0.9297,27.09569818541633,4.405309525618055,18.952161599522462
739,5.3817,21612.5,0.9538,27.960171341994965,4.925220984892969,24.498777623247754
740,5.3816,21437.5,0.9727,26.90339914841507,4.951707047825303,24.8395250003996
741,5.3828,21659.5,0.9636,27.182839931901185,4.902218521401015,24.244255133198685
742,5.3823,21942.5,0.966,27.2038490368461,4.878582523563124,23.907910150549224
743,5.3851,25879.5,0.8482,30.083592574330474,4.486833947529353,19.788233813852017
744,5.3829,25740.5,0.8879,31.472277815778394,4.415051395191455,19.12948245831964
745,5.3807,25017.0,0.891,30.963661901433888,4.49854054121383,20.00944384208485
746,5.3795,24919.5,0.9059,31.190481066806107,4.5040124388069165,20.211897459204806
747,5.3801,25085.5,0.9055,31.896864497372665,4.453464906550258,19.689353619030555
748,4.4286,18924.5,0.9763,29.127142209882116,5.218812450319128,27.593150895408144
749,4.4275,18807.5,0.9774,30.298566049339957,5.120192970398123,26.595269654714116
750,4.4269,18717.5,0.9848,29.173404336470274,5.157134104177432,27.010754363684143
751,4.4258,18734.5,0.9795,28.446905351000257,5.223664448670558,27.68445615198134
752,4.4263,20367.0,0.9395,29.168152953501302,4.9936605565715375,24.83517942471038
753,4.4261,22637.0,0.8406,29.454812260673187,4.807588179292936,22.758662557942714
754,4.4252,22283.0,0.9071,30.27234799786624,4.83809233641655,23.35409809304647
755,4.4269,22134.5,0.8277,32.05268303747271,4.8176072364338305,23.06987426381291
756,4.4268,21682.5,0.8371,29.316166301397725,4.907766700273577,23.870994725619198
757,3.6093,14560.5,0.9731,26.23336735722782,5.935172185853086,36.0602144808845
758,3.6138,14398.5,0.9626,25.178111487106403,6.014337137215392,37.057136655388845
759,3.6105,14598.5,0.9669,25.393197380092623,5.94223966320788,36.23130360905143
760,3.611,18019.0,0.9113,29.25161469872179,5.27087804569432,28.222468854281434
761,3.6109,17526.0,0.9151,28.000636297868347,5.4158803798238875,29.908110454180893
762,3.6134,17727.0,0.9133,28.720004803312648,5.3625063977386604,29.20326689239377
763,3.6125,19621.0,0.8804,30.42750090687652,5.060266172423926,25.722739212847394
764,3.6142,19425.0,0.8576,28.75718524397791,5.265128261992185,27.787468920825305
765,3.6724,16083.0,0.9668,24.3133506950267,5.716178688272159,33.35502857098118
766,3.6706,16145.0,0.9674,24.745441976241136,5.699199492661698,33.28264898923324
767,3.67,16061.5,0.9704,23.47275711036635,5.746881423003707,33.74547414938946
768,3.6713,18988.5,0.8853,25.567125085837926,5.367399741191878,29.245680363001973
769,3.6704,18855.0,0.9006,25.748107080719357,5.328650509898429,28.506046194916603
770,3.6719,19392.5,0.8935,26.949534760814974,5.2711796255204755,28.276850777724274
771,3.6668,19105.5,0.9013,27.576526658900185,5.232766114031473,27.591423994154983
772,3.6711,19178.5,0.9098,27.141528219072892,5.237676519244369,27.573989609515298
773,3.6694,18977.5,0.8944,26.205638605610893,5.312156033574471,28.679555405735645
774,3.6706,18298.0,0.8997,25.675205784034222,5.458375181033026,30.188202791382984
